,context_id,age,administrator,artist,doctor,educator,engineer,entertainment,executive,healthcare,homemaker,lawyer,librarian,marketing,none,other,programmer,retired,salesman,scientist,student,technician,writer
0,0,24,0,0,0,0,0,0,0,0,0,0,0,0,0,0,0,0,0,0,0,1,0
1,1,53,0,0,0,0,0,0,0,0,0,0,0,0,0,1,0,0,0,0,0,0,0
2,2,23,0,0,0,0,0,0,0,0,0,0,0,0,0,0,0,0,0,0,0,0,1
3,3,24,0,0,0,0,0,0,0,0,0,0,0,0,0,0,0,0,0,0,0,1,0
4,4,33,0,0,0,0,0,0,0,0,0,0,0,0,0,1,0,0,0,0,0,0,0
5,5,42,0,0,0,0,0,0,1,0,0,0,0,0,0,0,0,0,0,0,0,0,0
6,6,57,1,0,0,0,0,0,0,0,0,0,0,0,0,0,0,0,0,0,0,0,0
7,7,36,1,0,0,0,0,0,0,0,0,0,0,0,0,0,0,0,0,0,0,0,0
8,8,29,0,0,0,0,0,0,0,0,0,0,0,0,0,0,0,0,0,0,1,0,0
9,9,53,0,0,0,0,0,0,0,0,0,1,0,0,0,0,0,0,0,0,0,0,0
10,10,39,0,0,0,0,0,0,0,0,0,0,0,0,0,1,0,0,0,0,0,0,0
11,11,28,0,0,0,0,0,0,0,0,0,0,0,0,0,1,0,0,0,0,0,0,0
12,12,47,0,0,0,1,0,0,0,0,0,0,0,0,0,0,0,0,0,0,0,0,0
13,13,45,0,0,0,0,0,0,0,0,0,0,0,0,0,0,0,0,0,1,0,0,0
14,14,49,0,0,0,1,0,0,0,0,0,0,0,0,0,0,0,0,0,0,0,0,0
15,15,21,0,0,0,0,0,1,0,0,0,0,0,0,0,0,0,0,0,0,0,0,0
16,16,30,0,0,0,0,0,0,0,0,0,0,0,0,0,0,1,0,0,0,0,0,0
17,17,35,0,0,0,0,0,0,0,0,0,0,0,0,0,1,0,0,0,0,0,0,0
18,18,40,0,0,0,0,0,0,0,0,0,0,1,0,0,0,0,0,0,0,0,0,0
19,19,42,0,0,0,0,0,0,0,0,1,0,0,0,0,0,0,0,0,0,0,0,0
20,20,26,0,0,0,0,0,0,0,0,0,0,0,0,0,0,0,0,0,0,0,0,1
21,21,25,0,0,0,0,0,0,0,0,0,0,0,0,0,0,0,0,0,0,0,0,1
22,22,30,0,1,0,0,0,0,0,0,0,0,0,0,0,0,0,0,0,0,0,0,0
23,23,21,0,1,0,0,0,0,0,0,0,0,0,0,0,0,0,0,0,0,0,0,0
24,24,39,0,0,0,0,1,0,0,0,0,0,0,0,0,0,0,0,0,0,0,0,0
25,25,49,0,0,0,0,1,0,0,0,0,0,0,0,0,0,0,0,0,0,0,0,0
26,26,40,0,0,0,0,0,0,0,0,0,0,1,0,0,0,0,0,0,0,0,0,0
27,27,32,0,0,0,0,0,0,0,0,0,0,0,0,0,0,0,0,0,0,0,0,1
28,28,41,0,0,0,0,0,0,0,0,0,0,0,0,0,0,1,0,0,0,0,0,0
29,29,7,0,0,0,0,0,0,0,0,0,0,0,0,0,0,0,0,0,0,1,0,0
30,30,24,0,1,0,0,0,0,0,0,0,0,0,0,0,0,0,0,0,0,0,0,0
31,31,28,0,0,0,0,0,0,0,0,0,0,0,0,0,0,0,0,0,0,1,0,0
32,32,23,0,0,0,0,0,0,0,0,0,0,0,0,0,0,0,0,0,0,1,0,0
33,33,38,1,0,0,0,0,0,0,0,0,0,0,0,0,0,0,0,0,0,0,0,0
34,34,20,0,0,0,0,0,0,0,0,1,0,0,0,0,0,0,0,0,0,0,0,0
35,35,19,0,0,0,0,0,0,0,0,0,0,0,0,0,0,0,0,0,0,1,0,0
36,36,23,0,0,0,0,0,0,0,0,0,0,0,0,0,0,0,0,0,0,1,0,0
37,37,28,0,0,0,0,0,0,0,0,0,0,0,0,0,1,0,0,0,0,0,0,0
38,38,41,0,0,0,0,0,1,0,0,0,0,0,0,0,0,0,0,0,0,0,0,0
39,39,38,0,0,0,0,0,0,0,0,0,0,0,0,0,0,0,0,0,1,0,0,0
40,40,33,0,0,0,0,1,0,0,0,0,0,0,0,0,0,0,0,0,0,0,0,0
41,41,30,1,0,0,0,0,0,0,0,0,0,0,0,0,0,0,0,0,0,0,0,0
42,42,29,0,0,0,0,0,0,0,0,0,0,1,0,0,0,0,0,0,0,0,0,0
43,43,26,0,0,0,0,0,0,0,0,0,0,0,0,0,0,0,0,0,0,0,1,0
44,44,29,0,0,0,0,0,0,0,0,0,0,0,0,0,0,1,0,0,0,0,0,0
45,45,27,0,0,0,0,0,0,0,0,0,0,0,1,0,0,0,0,0,0,0,0,0
46,46,53,0,0,0,0,0,0,0,0,0,0,0,1,0,0,0,0,0,0,0,0,0
47,47,45,1,0,0,0,0,0,0,0,0,0,0,0,0,0,0,0,0,0,0,0,0
48,48,23,0,0,0,0,0,0,0,0,0,0,0,0,0,0,0,0,0,0,1,0,0
49,49,21,0,0,0,0,0,0,0,0,0,0,0,0,0,0,0,0,0,0,0,0,1
50,50,28,0,0,0,1,0,0,0,0,0,0,0,0,0,0,0,0,0,0,0,0,0
51,51,18,0,0,0,0,0,0,0,0,0,0,0,0,0,0,0,0,0,0,1,0,0
52,52,26,0,0,0,0,0,0,0,0,0,0,0,0,0,0,1,0,0,0,0,0,0
53,53,22,0,0,0,0,0,0,1,0,0,0,0,0,0,0,0,0,0,0,0,0,0
54,54,37,0,0,0,0,0,0,0,0,0,0,0,0,0,0,1,0,0,0,0,0,0
55,55,25,0,0,0,0,0,0,0,0,0,0,1,0,0,0,0,0,0,0,0,0,0
56,56,16,0,0,0,0,0,0,0,0,0,0,0,0,1,0,0,0,0,0,0,0,0
57,57,27,0,0,0,0,0,0,0,0,0,0,0,0,0,0,1,0,0,0,0,0,0
58,58,49,0,0,0,1,0,0,0,0,0,0,0,0,0,0,0,0,0,0,0,0,0
59,59,50,0,0,0,0,0,0,0,1,0,0,0,0,0,0,0,0,0,0,0,0,0
60,60,36,0,0,0,0,1,0,0,0,0,0,0,0,0,0,0,0,0,0,0,0,0
61,61,27,1,0,0,0,0,0,0,0,0,0,0,0,0,0,0,0,0,0,0,0,0
62,62,31,0,0,0,0,0,0,0,0,0,0,0,1,0,0,0,0,0,0,0,0,0
63,63,32,0,0,0,1,0,0,0,0,0,0,0,0,0,0,0,0,0,0,0,0,0
64,64,51,0,0,0,1,0,0,0,0,0,0,0,0,0,0,0,0,0,0,0,0,0
65,65,23,0,0,0,0,0,0,0,0,0,0,0,0,0,0,0,0,0,0,1,0,0
66,66,17,0,0,0,0,0,0,0,0,0,0,0,0,0,0,0,0,0,0,1,0,0
67,67,19,0,0,0,0,0,0,0,0,0,0,0,0,0,0,0,0,0,0,1,0,0
68,68,24,0,0,0,0,1,0,0,0,0,0,0,0,0,0,0,0,0,0,0,0,0
69,69,27,0,0,0,0,1,0,0,0,0,0,0,0,0,0,0,0,0,0,0,0,0
70,70,39,0,0,0,0,0,0,0,0,0,0,0,0,0,0,0,0,0,1,0,0,0
71,71,48,1,0,0,0,0,0,0,0,0,0,0,0,0,0,0,0,0,0,0,0,0
72,72,24,0,0,0,0,0,0,0,0,0,0,0,0,0,0,0,0,0,0,1,0,0
73,73,39,0,0,0,0,0,0,0,0,0,0,0,0,0,0,0,0,0,1,0,0,0
74,74,24,0,0,0,0,0,1,0,0,0,0,0,0,0,0,0,0,0,0,0,0,0
75,75,20,0,0,0,0,0,0,0,0,0,0,0,0,0,0,0,0,0,0,1,0,0
76,76,30,0,0,0,0,0,0,0,0,0,0,0,0,0,0,0,0,0,0,0,1,0
77,77,26,1,0,0,0,0,0,0,0,0,0,0,0,0,0,0,0,0,0,0,0,0
78,78,39,1,0,0,0,0,0,0,0,0,0,0,0,0,0,0,0,0,0,0,0,0
79,79,34,1,0,0,0,0,0,0,0,0,0,0,0,0,0,0,0,0,0,0,0,0
80,80,21,0,0,0,0,0,0,0,0,0,0,0,0,0,0,0,0,0,0,1,0,0
81,81,50,0,0,0,0,0,0,0,0,0,0,0,0,0,0,1,0,0,0,0,0,0
82,82,40,0,0,0,0,0,0,0,0,0,0,0,0,0,1,0,0,0,0,0,0,0
83,83,32,0,0,0,0,0,0,1,0,0,0,0,0,0,0,0,0,0,0,0,0,0
84,84,51,0,0,0,1,0,0,0,0,0,0,0,0,0,0,0,0,0,0,0,0,0
85,85,26,1,0,0,0,0,0,0,0,0,0,0,0,0,0,0,0,0,0,0,0,0
86,86,47,1,0,0,0,0,0,0,0,0,0,0,0,0,0,0,0,0,0,0,0,0
87,87,49,0,0,0,0,0,0,0,0,0,0,1,0,0,0,0,0,0,0,0,0,0
88,88,43,1,0,0,0,0,0,0,0,0,0,0,0,0,0,0,0,0,0,0,0,0
89,89,60,0,0,0,1,0,0,0,0,0,0,0,0,0,0,0,0,0,0,0,0,0
90,90,55,0,0,0,0,0,0,0,0,0,0,0,1,0,0,0,0,0,0,0,0,0
91,91,32,0,0,0,0,0,1,0,0,0,0,0,0,0,0,0,0,0,0,0,0,0
92,92,48,0,0,0,0,0,0,1,0,0,0,0,0,0,0,0,0,0,0,0,0,0
93,93,26,0,0,0,0,0,0,0,0,0,0,0,0,0,0,0,0,0,0,1,0,0
94,94,31,1,0,0,0,0,0,0,0,0,0,0,0,0,0,0,0,0,0,0,0,0
95,95,25,0,1,0,0,0,0,0,0,0,0,0,0,0,0,0,0,0,0,0,0,0
96,96,43,0,1,0,0,0,0,0,0,0,0,0,0,0,0,0,0,0,0,0,0,0
97,97,49,0,0,0,0,0,0,1,0,0,0,0,0,0,0,0,0,0,0,0,0,0
98,98,20,0,0,0,0,0,0,0,0,0,0,0,0,0,0,0,0,0,0,1,0,0
99,99,36,0,0,0,0,0,0,1,0,0,0,0,0,0,0,0,0,0,0,0,0,0
100,100,15,0,0,0,0,0,0,0,0,0,0,0,0,0,0,0,0,0,0,1,0,0
101,101,38,0,0,0,0,0,0,0,0,0,0,0,0,0,0,1,0,0,0,0,0,0
102,102,26,0,0,0,0,0,0,0,0,0,0,0,0,0,0,0,0,0,0,1,0,0
103,103,27,0,0,0,0,0,0,0,0,0,0,0,0,0,0,0,0,0,0,1,0,0
104,104,24,0,0,0,0,1,0,0,0,0,0,0,0,0,0,0,0,0,0,0,0,0
105,105,61,0,0,0,0,0,0,0,0,0,0,0,0,0,0,0,1,0,0,0,0,0
106,106,39,0,0,0,0,0,0,0,0,0,0,0,0,0,0,0,0,0,1,0,0,0
107,107,44,0,0,0,1,0,0,0,0,0,0,0,0,0,0,0,0,0,0,0,0,0
108,108,29,0,0,0,0,0,0,0,0,0,0,0,0,0,1,0,0,0,0,0,0,0
109,109,19,0,0,0,0,0,0,0,0,0,0,0,0,0,0,0,0,0,0,1,0,0
110,110,57,0,0,0,0,1,0,0,0,0,0,0,0,0,0,0,0,0,0,0,0,0
111,111,30,0,0,0,0,0,0,0,0,0,0,0,0,0,0,0,0,1,0,0,0,0
112,112,47,0,0,0,0,0,0,1,0,0,0,0,0,0,0,0,0,0,0,0,0,0
113,113,27,0,0,0,0,0,0,0,0,0,0,0,0,0,0,1,0,0,0,0,0,0
114,114,31,0,0,0,0,1,0,0,0,0,0,0,0,0,0,0,0,0,0,0,0,0
115,115,40,0,0,0,0,0,0,0,1,0,0,0,0,0,0,0,0,0,0,0,0,0
116,116,20,0,0,0,0,0,0,0,0,0,0,0,0,0,0,0,0,0,0,1,0,0
117,117,21,1,0,0,0,0,0,0,0,0,0,0,0,0,0,0,0,0,0,0,0,0
118,118,32,0,0,0,0,0,0,0,0,0,0,0,0,0,0,1,0,0,0,0,0,0
119,119,47,0,0,0,0,0,0,0,0,0,0,0,0,0,1,0,0,0,0,0,0,0
120,120,54,0,0,0,0,0,0,0,0,0,0,1,0,0,0,0,0,0,0,0,0,0
121,121,32,0,0,0,0,0,0,0,0,0,0,0,0,0,0,0,0,0,0,0,0,1
122,122,48,0,1,0,0,0,0,0,0,0,0,0,0,0,0,0,0,0,0,0,0,0
123,123,34,0,0,0,0,0,0,0,0,0,0,0,0,0,0,0,0,0,0,1,0,0
124,124,30,0,0,0,0,0,0,0,0,0,1,0,0,0,0,0,0,0,0,0,0,0
125,125,28,0,0,0,0,0,0,0,0,0,1,0,0,0,0,0,0,0,0,0,0,0
126,126,33,0,0,0,0,0,0,0,0,0,0,0,0,1,0,0,0,0,0,0,0,0
127,127,24,0,0,0,0,0,0,0,0,0,0,0,1,0,0,0,0,0,0,0,0,0
128,128,36,0,0,0,0,0,0,0,0,0,0,0,1,0,0,0,0,0,0,0,0,0
129,129,20,0,0,0,0,0,0,0,0,0,0,0,0,1,0,0,0,0,0,0,0,0
130,130,59,1,0,0,0,0,0,0,0,0,0,0,0,0,0,0,0,0,0,0,0,0
131,131,24,0,0,0,0,0,0,0,0,0,0,0,0,0,1,0,0,0,0,0,0,0
132,132,53,0,0,0,0,1,0,0,0,0,0,0,0,0,0,0,0,0,0,0,0,0
133,133,31,0,0,0,0,0,0,0,0,0,0,0,0,0,0,1,0,0,0,0,0,0
134,134,23,0,0,0,0,0,0,0,0,0,0,0,0,0,0,0,0,0,0,1,0,0
135,135,51,0,0,0,0,0,0,0,0,0,0,0,0,0,1,0,0,0,0,0,0,0
136,136,50,0,0,0,1,0,0,0,0,0,0,0,0,0,0,0,0,0,0,0,0,0
137,137,46,0,0,1,0,0,0,0,0,0,0,0,0,0,0,0,0,0,0,0,0,0
138,138,20,0,0,0,0,0,0,0,0,0,0,0,0,0,0,0,0,0,0,1,0,0
139,139,30,0,0,0,0,0,0,0,0,0,0,0,0,0,0,0,0,0,0,1,0,0
140,140,49,0,0,0,0,0,0,0,0,0,0,0,0,0,0,1,0,0,0,0,0,0
141,141,13,0,0,0,0,0,0,0,0,0,0,0,0,0,1,0,0,0,0,0,0,0
142,142,42,0,0,0,0,0,0,0,0,0,0,0,0,0,0,0,0,0,0,0,1,0
143,143,53,0,0,0,0,0,0,0,0,0,0,0,0,0,0,1,0,0,0,0,0,0
144,144,31,0,0,0,0,0,1,0,0,0,0,0,0,0,0,0,0,0,0,0,0,0
145,145,45,0,1,0,0,0,0,0,0,0,0,0,0,0,0,0,0,0,0,0,0,0
146,146,40,0,0,0,0,0,0,0,0,0,0,1,0,0,0,0,0,0,0,0,0,0
147,147,33,0,0,0,0,1,0,0,0,0,0,0,0,0,0,0,0,0,0,0,0,0
148,148,35,0,0,0,0,0,0,0,0,0,0,0,1,0,0,0,0,0,0,0,0,0
149,149,20,0,1,0,0,0,0,0,0,0,0,0,0,0,0,0,0,0,0,0,0,0
150,150,38,1,0,0,0,0,0,0,0,0,0,0,0,0,0,0,0,0,0,0,0,0
151,151,33,0,0,0,1,0,0,0,0,0,0,0,0,0,0,0,0,0,0,0,0,0
152,152,25,0,0,0,0,0,0,0,0,0,0,0,0,0,0,0,0,0,0,1,0,0
153,153,25,0,0,0,0,0,0,0,0,0,0,0,0,0,0,0,0,0,0,1,0,0
154,154,32,0,0,0,0,0,0,0,0,0,0,0,0,0,1,0,0,0,0,0,0,0
155,155,25,0,0,0,1,0,0,0,0,0,0,0,0,0,0,0,0,0,0,0,0,0
156,156,57,0,0,0,0,1,0,0,0,0,0,0,0,0,0,0,0,0,0,0,0,0
157,157,50,0,0,0,1,0,0,0,0,0,0,0,0,0,0,0,0,0,0,0,0,0
158,158,23,0,0,0,0,0,0,0,0,0,0,0,0,0,0,0,0,0,0,1,0,0
159,159,27,0,0,0,0,0,0,0,0,0,0,0,0,0,0,1,0,0,0,0,0,0
160,160,50,0,0,0,0,0,0,0,0,0,1,0,0,0,0,0,0,0,0,0,0,0
161,161,25,0,1,0,0,0,0,0,0,0,0,0,0,0,0,0,0,0,0,0,0,0
162,162,49,1,0,0,0,0,0,0,0,0,0,0,0,0,0,0,0,0,0,0,0,0
163,163,47,0,0,0,0,0,0,0,1,0,0,0,0,0,0,0,0,0,0,0,0,0
164,164,20,0,0,0,0,0,0,0,0,0,0,0,0,0,1,0,0,0,0,0,0,0
165,165,47,0,0,0,1,0,0,0,0,0,0,0,0,0,0,0,0,0,0,0,0,0
166,166,37,0,0,0,0,0,0,0,0,0,0,0,0,0,1,0,0,0,0,0,0,0
167,167,48,0,0,0,0,0,0,0,0,0,0,0,0,0,1,0,0,0,0,0,0,0
168,168,52,0,0,0,0,0,0,0,0,0,0,0,0,0,1,0,0,0,0,0,0,0
169,169,53,0,0,0,0,0,0,0,1,0,0,0,0,0,0,0,0,0,0,0,0,0
170,170,48,0,0,0,1,0,0,0,0,0,0,0,0,0,0,0,0,0,0,0,0,0
171,171,55,0,0,0,0,0,0,0,0,0,0,0,1,0,0,0,0,0,0,0,0,0
172,172,56,0,0,0,0,0,0,0,0,0,0,0,0,0,1,0,0,0,0,0,0,0
173,173,30,1,0,0,0,0,0,0,0,0,0,0,0,0,0,0,0,0,0,0,0,0
174,174,26,0,0,0,0,0,0,0,0,0,0,0,0,0,0,0,0,0,1,0,0,0
175,175,28,0,0,0,0,0,0,0,0,0,0,0,0,0,0,0,0,0,1,0,0,0
176,176,20,0,0,0,0,0,0,0,0,0,0,0,0,0,0,1,0,0,0,0,0,0
177,177,26,0,0,0,0,0,0,0,0,0,0,0,0,0,1,0,0,0,0,0,0,0
178,178,15,0,0,0,0,0,1,0,0,0,0,0,0,0,0,0,0,0,0,0,0,0
179,179,22,1,0,0,0,0,0,0,0,0,0,0,0,0,0,0,0,0,0,0,0,0
180,180,26,0,0,0,0,0,0,1,0,0,0,0,0,0,0,0,0,0,0,0,0,0
181,181,36,0,0,0,0,0,0,0,0,0,0,0,0,0,0,1,0,0,0,0,0,0
182,182,33,0,0,0,0,0,0,0,0,0,0,0,0,0,0,0,0,0,1,0,0,0
183,183,37,0,0,0,0,0,0,0,0,0,0,1,0,0,0,0,0,0,0,0,0,0
184,184,53,0,0,0,0,0,0,0,0,0,0,1,0,0,0,0,0,0,0,0,0,0
185,185,39,0,0,0,0,0,0,1,0,0,0,0,0,0,0,0,0,0,0,0,0,0
186,186,26,0,0,0,1,0,0,0,0,0,0,0,0,0,0,0,0,0,0,0,0,0
187,187,42,0,0,0,0,0,0,0,0,0,0,0,0,0,0,0,0,0,0,1,0,0
188,188,32,0,1,0,0,0,0,0,0,0,0,0,0,0,0,0,0,0,0,0,0,0
189,189,30,1,0,0,0,0,0,0,0,0,0,0,0,0,0,0,0,0,0,0,0,0
190,190,33,1,0,0,0,0,0,0,0,0,0,0,0,0,0,0,0,0,0,0,0,0
191,191,42,0,0,0,1,0,0,0,0,0,0,0,0,0,0,0,0,0,0,0,0,0
192,192,29,0,0,0,0,0,0,0,0,0,0,0,0,0,0,0,0,0,0,1,0,0
193,193,38,1,0,0,0,0,0,0,0,0,0,0,0,0,0,0,0,0,0,0,0,0
194,194,42,0,0,0,0,0,0,0,0,0,0,0,0,0,0,0,0,0,1,0,0,0
195,195,49,0,0,0,0,0,0,0,0,0,0,0,0,0,0,0,0,0,0,0,0,1
196,196,55,0,0,0,0,0,0,0,0,0,0,0,0,0,0,0,0,0,0,0,1,0
197,197,21,0,0,0,0,0,0,0,0,0,0,0,0,0,0,0,0,0,0,1,0,0
198,198,30,0,0,0,0,0,0,0,0,0,0,0,0,0,0,0,0,0,0,0,0,1
199,199,40,0,0,0,0,0,0,0,0,0,0,0,0,0,0,1,0,0,0,0,0,0
200,200,27,0,0,0,0,0,0,0,0,0,0,0,0,0,0,0,0,0,0,0,0,1
201,201,41,0,0,0,1,0,0,0,0,0,0,0,0,0,0,0,0,0,0,0,0,0
202,202,25,0,0,0,0,0,0,0,0,0,0,0,0,0,0,0,0,0,0,1,0,0
203,203,52,0,0,0,0,0,0,0,0,0,0,1,0,0,0,0,0,0,0,0,0,0
204,204,47,0,0,0,0,0,0,0,0,0,1,0,0,0,0,0,0,0,0,0,0,0
205,205,14,0,0,0,0,0,0,0,0,0,0,0,0,0,0,0,0,0,0,1,0,0
206,206,39,0,0,0,0,0,0,0,0,0,0,0,1,0,0,0,0,0,0,0,0,0
207,207,43,0,0,0,0,1,0,0,0,0,0,0,0,0,0,0,0,0,0,0,0,0
208,208,33,0,0,0,1,0,0,0,0,0,0,0,0,0,0,0,0,0,0,0,0,0
209,209,39,0,0,0,0,1,0,0,0,0,0,0,0,0,0,0,0,0,0,0,0,0
210,210,66,0,0,0,0,0,0,0,0,0,0,0,0,0,0,0,0,1,0,0,0,0
211,211,49,0,0,0,1,0,0,0,0,0,0,0,0,0,0,0,0,0,0,0,0,0
212,212,33,0,0,0,0,0,0,1,0,0,0,0,0,0,0,0,0,0,0,0,0,0
213,213,26,0,0,0,0,0,0,0,0,0,0,1,0,0,0,0,0,0,0,0,0,0
214,214,35,0,0,0,0,0,0,0,0,0,0,0,0,0,0,1,0,0,0,0,0,0
215,215,22,0,0,0,0,1,0,0,0,0,0,0,0,0,0,0,0,0,0,0,0,0
216,216,22,0,0,0,0,0,0,0,0,0,0,0,0,0,1,0,0,0,0,0,0,0
217,217,37,1,0,0,0,0,0,0,0,0,0,0,0,0,0,0,0,0,0,0,0,0
218,218,32,0,0,0,0,0,0,0,0,0,0,0,0,0,0,1,0,0,0,0,0,0
219,219,30,0,0,0,0,0,0,0,0,0,0,1,0,0,0,0,0,0,0,0,0,0
220,220,19,0,0,0,0,0,0,0,0,0,0,0,0,0,0,0,0,0,0,1,0,0
221,221,29,0,0,0,0,0,0,0,0,0,0,0,0,0,0,1,0,0,0,0,0,0
222,222,19,0,0,0,0,0,0,0,0,0,0,0,0,0,0,0,0,0,0,1,0,0
223,223,31,0,0,0,1,0,0,0,0,0,0,0,0,0,0,0,0,0,0,0,0,0
224,224,51,1,0,0,0,0,0,0,0,0,0,0,0,0,0,0,0,0,0,0,0,0
225,225,28,0,0,0,0,0,0,0,0,0,0,0,0,0,0,0,0,0,0,1,0,0
226,226,46,0,0,0,0,0,0,1,0,0,0,0,0,0,0,0,0,0,0,0,0,0
227,227,21,0,0,0,0,0,0,0,0,0,0,0,0,0,0,0,0,0,0,1,0,0
228,228,29,0,0,0,0,0,0,0,0,0,0,1,0,0,0,0,0,0,0,0,0,0
229,229,28,0,0,0,0,0,0,0,0,0,0,0,0,0,0,0,0,0,0,1,0,0
230,230,48,0,0,0,0,0,0,0,0,0,0,1,0,0,0,0,0,0,0,0,0,0
231,231,45,0,0,0,0,0,0,0,0,0,0,0,0,0,0,0,0,0,1,0,0,0
232,232,38,0,0,0,0,1,0,0,0,0,0,0,0,0,0,0,0,0,0,0,0,0
233,233,60,0,0,0,0,0,0,0,0,0,0,0,0,0,0,0,1,0,0,0,0,0
234,234,37,0,0,0,1,0,0,0,0,0,0,0,0,0,0,0,0,0,0,0,0,0
235,235,44,0,0,0,0,0,0,0,0,0,0,0,0,0,0,0,0,0,0,0,0,1
236,236,49,1,0,0,0,0,0,0,0,0,0,0,0,0,0,0,0,0,0,0,0,0
237,237,42,1,0,0,0,0,0,0,0,0,0,0,0,0,0,0,0,0,0,0,0,0
238,238,39,0,1,0,0,0,0,0,0,0,0,0,0,0,0,0,0,0,0,0,0,0
239,239,23,0,0,0,1,0,0,0,0,0,0,0,0,0,0,0,0,0,0,0,0,0
240,240,26,0,0,0,0,0,0,0,0,0,0,0,0,0,0,0,0,0,0,1,0,0
241,241,33,0,0,0,1,0,0,0,0,0,0,0,0,0,0,0,0,0,0,0,0,0
242,242,33,0,0,0,1,0,0,0,0,0,0,0,0,0,0,0,0,0,0,0,0,0
243,243,28,0,0,0,0,0,0,0,0,0,0,0,0,0,0,0,0,0,0,0,1,0
244,244,22,0,0,0,0,0,0,0,0,0,0,0,0,0,0,0,0,0,0,1,0,0
245,245,19,0,0,0,0,0,0,0,0,0,0,0,0,0,0,0,0,0,0,1,0,0
246,246,28,0,0,0,0,1,0,0,0,0,0,0,0,0,0,0,0,0,0,0,0,0
247,247,25,0,0,0,0,0,0,0,0,0,0,0,0,0,0,0,0,0,0,1,0,0
248,248,25,0,0,0,0,0,0,0,0,0,0,0,0,0,0,0,0,0,0,1,0,0
249,249,29,0,0,0,0,0,0,1,0,0,0,0,0,0,0,0,0,0,0,0,0,0
250,250,28,0,0,1,0,0,0,0,0,0,0,0,0,0,0,0,0,0,0,0,0,0
251,251,42,0,0,0,0,1,0,0,0,0,0,0,0,0,0,0,0,0,0,0,0,0
252,252,26,0,0,0,0,0,0,0,0,0,0,1,0,0,0,0,0,0,0,0,0,0
253,253,44,0,0,0,1,0,0,0,0,0,0,0,0,0,0,0,0,0,0,0,0,0
254,254,23,0,0,0,0,0,1,0,0,0,0,0,0,0,0,0,0,0,0,0,0,0
255,255,35,0,0,0,0,0,0,0,0,0,0,0,0,1,0,0,0,0,0,0,0,0
256,256,17,0,0,0,0,0,0,0,0,0,0,0,0,0,0,0,0,0,0,1,0,0
257,257,19,0,0,0,0,0,0,0,0,0,0,0,0,0,0,0,0,0,0,1,0,0
258,258,21,0,0,0,0,0,0,0,0,0,0,0,0,0,0,0,0,0,0,1,0,0
259,259,40,0,1,0,0,0,0,0,0,0,0,0,0,0,0,0,0,0,0,0,0,0
260,260,28,1,0,0,0,0,0,0,0,0,0,0,0,0,0,0,0,0,0,0,0,0
261,261,19,0,0,0,0,0,0,0,0,0,0,0,0,0,0,0,0,0,0,1,0,0
262,262,41,0,0,0,0,0,0,0,0,0,0,0,0,0,0,1,0,0,0,0,0,0
263,263,36,0,0,0,0,0,0,0,0,0,0,0,0,0,0,0,0,0,0,0,0,1
264,264,26,0,0,0,0,0,0,1,0,0,0,0,0,0,0,0,0,0,0,0,0,0
265,265,62,1,0,0,0,0,0,0,0,0,0,0,0,0,0,0,0,0,0,0,0,0
266,266,23,0,0,0,0,1,0,0,0,0,0,0,0,0,0,0,0,0,0,0,0,0
267,267,24,0,0,0,0,1,0,0,0,0,0,0,0,0,0,0,0,0,0,0,0,0
268,268,31,0,0,0,0,0,0,0,0,0,0,1,0,0,0,0,0,0,0,0,0,0
269,269,18,0,0,0,0,0,0,0,0,0,0,0,0,0,0,0,0,0,0,1,0,0
270,270,51,0,0,0,0,1,0,0,0,0,0,0,0,0,0,0,0,0,0,0,0,0
271,271,33,0,0,0,0,0,0,0,0,0,0,0,0,0,0,0,0,0,1,0,0,0
272,272,50,0,0,0,0,0,0,0,0,0,0,0,0,0,1,0,0,0,0,0,0,0
273,273,20,0,0,0,0,0,0,0,0,0,0,0,0,0,0,0,0,0,0,1,0,0
274,274,38,0,0,0,0,1,0,0,0,0,0,0,0,0,0,0,0,0,0,0,0,0
275,275,21,0,0,0,0,0,0,0,0,0,0,0,0,0,0,0,0,0,0,1,0,0
276,276,35,1,0,0,0,0,0,0,0,0,0,0,0,0,0,0,0,0,0,0,0,0
277,277,37,0,0,0,0,0,0,0,0,0,0,1,0,0,0,0,0,0,0,0,0,0
278,278,33,0,0,0,0,0,0,0,0,0,0,0,0,0,0,1,0,0,0,0,0,0
279,279,30,0,0,0,0,0,0,0,0,0,0,1,0,0,0,0,0,0,0,0,0,0
280,280,15,0,0,0,0,0,0,0,0,0,0,0,0,0,0,0,0,0,0,1,0,0
281,281,22,1,0,0,0,0,0,0,0,0,0,0,0,0,0,0,0,0,0,0,0,0
282,282,28,0,0,0,0,0,0,0,0,0,0,0,0,0,0,1,0,0,0,0,0,0
283,283,40,0,0,0,0,0,0,1,0,0,0,0,0,0,0,0,0,0,0,0,0,0
284,284,25,0,0,0,0,0,0,0,0,0,0,0,0,0,0,1,0,0,0,0,0,0
285,285,27,0,0,0,0,0,0,0,0,0,0,0,0,0,0,0,0,0,0,1,0,0
286,286,21,0,0,0,0,0,0,0,0,0,0,0,0,0,0,0,0,1,0,0,0,0
287,287,34,0,0,0,0,0,0,0,0,0,0,0,1,0,0,0,0,0,0,0,0,0
288,288,11,0,0,0,0,0,0,0,0,0,0,0,0,1,0,0,0,0,0,0,0,0
289,289,40,0,0,0,0,1,0,0,0,0,0,0,0,0,0,0,0,0,0,0,0,0
290,290,19,0,0,0,0,0,0,0,0,0,0,0,0,0,0,0,0,0,0,1,0,0
291,291,35,0,0,0,0,0,0,0,0,0,0,0,0,0,0,1,0,0,0,0,0,0
292,292,24,0,0,0,0,0,0,0,0,0,0,0,0,0,0,0,0,0,0,0,0,1
293,293,34,0,0,0,0,0,0,0,0,0,0,0,0,0,0,0,0,0,0,0,1,0
294,294,31,0,0,0,1,0,0,0,0,0,0,0,0,0,0,0,0,0,0,0,0,0
295,295,43,1,0,0,0,0,0,0,0,0,0,0,0,0,0,0,0,0,0,0,0,0
296,296,29,0,0,0,1,0,0,0,0,0,0,0,0,0,0,0,0,0,0,0,0,0
297,297,44,0,0,0,0,0,0,1,0,0,0,0,0,0,0,0,0,0,0,0,0,0
298,298,29,0,0,1,0,0,0,0,0,0,0,0,0,0,0,0,0,0,0,0,0,0
299,299,26,0,0,0,0,0,0,0,0,0,0,0,0,0,0,1,0,0,0,0,0,0
300,300,24,0,0,0,0,0,0,0,0,0,0,0,0,0,0,0,0,0,0,1,0,0
301,301,42,0,0,0,1,0,0,0,0,0,0,0,0,0,0,0,0,0,0,0,0,0
302,302,19,0,0,0,0,0,0,0,0,0,0,0,0,0,0,0,0,0,0,1,0,0
303,303,22,0,0,0,0,0,0,0,0,0,0,0,0,0,0,0,0,0,0,1,0,0
304,304,23,0,0,0,0,0,0,0,0,0,0,0,0,0,0,1,0,0,0,0,0,0
305,305,45,0,0,0,0,0,0,0,0,0,0,0,0,0,1,0,0,0,0,0,0,0
306,306,25,0,0,0,0,0,0,0,0,0,0,0,0,0,0,0,0,0,0,1,0,0
307,307,60,0,0,0,0,0,0,0,0,0,0,0,0,0,0,0,1,0,0,0,0,0
308,308,40,0,0,0,0,0,0,0,0,0,0,0,0,0,0,0,0,0,1,0,0,0
309,309,37,0,0,0,1,0,0,0,0,0,0,0,0,0,0,0,0,0,0,0,0,0
310,310,32,0,0,0,0,0,0,0,0,0,0,0,0,0,0,0,0,0,0,0,1,0
311,311,48,0,0,0,0,0,0,0,0,0,0,0,0,0,1,0,0,0,0,0,0,0
312,312,41,0,0,0,0,0,0,0,0,0,0,0,1,0,0,0,0,0,0,0,0,0
313,313,20,0,0,0,0,0,0,0,0,0,0,0,0,0,0,0,0,0,0,1,0,0
314,314,31,0,0,0,1,0,0,0,0,0,0,0,0,0,0,0,0,0,0,0,0,0
315,315,43,0,0,0,0,0,0,0,0,0,0,0,0,0,1,0,0,0,0,0,0,0
316,316,22,1,0,0,0,0,0,0,0,0,0,0,0,0,0,0,0,0,0,0,0,0
317,317,65,0,0,0,0,0,0,0,0,0,0,0,0,0,0,0,1,0,0,0,0,0
318,318,38,0,0,0,0,0,0,0,0,0,0,0,0,0,0,1,0,0,0,0,0,0
319,319,19,0,0,0,0,0,0,0,0,0,0,0,0,0,0,0,0,0,0,1,0,0
320,320,49,0,0,0,1,0,0,0,0,0,0,0,0,0,0,0,0,0,0,0,0,0
321,321,20,0,0,0,0,0,0,0,0,0,0,0,0,0,0,0,0,0,0,1,0,0
322,322,21,0,0,0,0,0,0,0,0,0,0,0,0,0,0,0,0,0,0,1,0,0
323,323,21,0,0,0,0,0,0,0,0,0,0,0,0,0,0,0,0,0,0,1,0,0
324,324,48,0,0,0,0,0,0,0,0,0,0,0,0,0,0,0,0,0,0,0,1,0
325,325,41,1,0,0,0,0,0,0,0,0,0,0,0,0,0,0,0,0,0,0,0,0
326,326,22,0,0,0,0,0,0,0,0,0,0,0,0,0,0,0,0,0,0,1,0,0
327,327,51,1,0,0,0,0,0,0,0,0,0,0,0,0,0,0,0,0,0,0,0,0
328,328,48,0,0,0,1,0,0,0,0,0,0,0,0,0,0,0,0,0,0,0,0,0
329,329,35,0,0,0,1,0,0,0,0,0,0,0,0,0,0,0,0,0,0,0,0,0
330,330,33,0,0,0,0,0,1,0,0,0,0,0,0,0,0,0,0,0,0,0,0,0
331,331,20,0,0,0,0,0,0,0,0,0,0,0,0,0,0,0,0,0,0,1,0,0
332,332,47,0,0,0,0,0,0,0,0,0,0,0,0,0,1,0,0,0,0,0,0,0
333,333,32,0,0,0,0,0,0,0,0,0,0,1,0,0,0,0,0,0,0,0,0,0
334,334,45,0,0,0,0,0,0,1,0,0,0,0,0,0,0,0,0,0,0,0,0,0
335,335,23,0,0,0,0,0,0,0,0,0,0,0,0,0,0,0,0,1,0,0,0,0
336,336,37,0,0,0,0,0,0,0,0,0,0,0,0,0,0,0,0,0,1,0,0,0
337,337,39,0,0,0,0,0,0,0,0,0,0,1,0,0,0,0,0,0,0,0,0,0
338,338,35,0,0,0,0,0,0,0,0,0,1,0,0,0,0,0,0,0,0,0,0,0
339,339,46,0,0,0,0,1,0,0,0,0,0,0,0,0,0,0,0,0,0,0,0,0
340,340,17,0,0,0,0,0,0,0,0,0,0,0,0,0,0,0,0,0,0,1,0,0
341,341,25,0,0,0,0,0,0,0,0,0,0,0,0,0,1,0,0,0,0,0,0,0
342,342,43,0,0,0,0,1,0,0,0,0,0,0,0,0,0,0,0,0,0,0,0,0
343,343,30,0,0,0,0,0,0,0,0,0,0,1,0,0,0,0,0,0,0,0,0,0
344,344,28,0,0,0,0,0,0,0,0,0,0,1,0,0,0,0,0,0,0,0,0,0
345,345,34,0,0,0,0,0,0,0,0,0,0,0,0,0,1,0,0,0,0,0,0,0
346,346,18,0,0,0,0,0,0,0,0,0,0,0,0,0,0,0,0,0,0,1,0,0
347,347,24,0,0,0,0,0,0,0,0,0,0,0,0,0,0,0,0,0,0,1,0,0
348,348,68,0,0,0,0,0,0,0,0,0,0,0,0,0,0,0,1,0,0,0,0,0
349,349,32,0,0,0,0,0,0,0,0,0,0,0,0,0,0,0,0,0,0,1,0,0
350,350,61,0,0,0,1,0,0,0,0,0,0,0,0,0,0,0,0,0,0,0,0,0
351,351,37,0,0,0,0,0,0,0,0,0,0,0,0,0,0,1,0,0,0,0,0,0
352,352,25,0,0,0,0,0,0,0,0,0,0,0,0,0,0,0,0,0,1,0,0,0
353,353,29,0,0,0,0,0,0,0,0,0,0,1,0,0,0,0,0,0,0,0,0,0
354,354,25,0,0,0,0,0,0,0,0,0,0,0,0,0,0,0,0,0,0,1,0,0
355,355,32,0,0,0,0,0,0,0,0,1,0,0,0,0,0,0,0,0,0,0,0,0
356,356,26,0,0,0,0,0,0,1,0,0,0,0,0,0,0,0,0,0,0,0,0,0
357,357,40,0,0,0,1,0,0,0,0,0,0,0,0,0,0,0,0,0,0,0,0,0
358,358,22,0,0,0,0,0,0,0,0,0,0,0,0,0,0,0,0,0,0,1,0,0
359,359,51,0,0,0,0,0,0,0,0,0,0,0,0,0,1,0,0,0,0,0,0,0
360,360,22,0,0,0,0,0,0,0,0,0,0,0,0,0,0,0,0,0,0,1,0,0
361,361,35,0,0,0,0,0,0,0,0,1,0,0,0,0,0,0,0,0,0,0,0,0
362,362,20,0,0,0,0,0,0,0,0,0,0,0,0,0,0,0,0,0,0,1,0,0
363,363,63,0,0,0,0,1,0,0,0,0,0,0,0,0,0,0,0,0,0,0,0,0
364,364,29,0,0,0,0,0,0,0,0,0,1,0,0,0,0,0,0,0,0,0,0,0
365,365,20,0,0,0,0,0,0,0,0,0,0,0,0,0,0,0,0,0,0,1,0,0
366,366,17,0,0,0,0,0,0,0,0,0,0,0,0,0,0,0,0,0,0,1,0,0
367,367,18,0,0,0,0,0,0,0,0,0,0,0,0,0,0,0,0,0,0,1,0,0
368,368,24,0,0,0,0,0,0,0,0,0,0,0,0,0,0,0,0,0,0,1,0,0
369,369,52,0,0,0,0,0,0,0,0,0,0,0,0,0,0,0,0,0,0,0,0,1
370,370,36,0,0,0,0,1,0,0,0,0,0,0,0,0,0,0,0,0,0,0,0,0
371,371,25,0,0,0,0,0,0,0,0,0,0,0,0,0,0,0,0,0,0,1,0,0
372,372,24,0,0,0,0,0,0,0,0,0,0,0,0,0,1,0,0,0,0,0,0,0
373,373,36,0,0,0,0,0,0,1,0,0,0,0,0,0,0,0,0,0,0,0,0,0
374,374,17,0,0,0,0,0,1,0,0,0,0,0,0,0,0,0,0,0,0,0,0,0
375,375,28,0,0,0,0,0,0,0,0,0,0,0,0,0,1,0,0,0,0,0,0,0
376,376,22,0,0,0,0,0,0,0,0,0,0,0,0,0,0,0,0,0,0,1,0,0
377,377,35,0,0,0,0,0,0,0,0,0,0,0,0,0,0,0,0,0,0,1,0,0
378,378,44,0,0,0,0,0,0,0,0,0,0,0,0,0,0,1,0,0,0,0,0,0
379,379,32,0,0,0,0,1,0,0,0,0,0,0,0,0,0,0,0,0,0,0,0,0
380,380,33,0,1,0,0,0,0,0,0,0,0,0,0,0,0,0,0,0,0,0,0,0
381,381,45,0,0,0,0,1,0,0,0,0,0,0,0,0,0,0,0,0,0,0,0,0
382,382,42,1,0,0,0,0,0,0,0,0,0,0,0,0,0,0,0,0,0,0,0,0
383,383,52,0,0,0,0,0,0,0,0,0,0,0,0,0,0,1,0,0,0,0,0,0
384,384,36,0,0,0,0,0,0,0,0,0,0,0,0,0,0,0,0,0,0,0,0,1
385,385,36,0,0,0,0,0,0,0,0,0,0,0,0,0,0,0,0,1,0,0,0,0
386,386,33,0,0,0,0,0,1,0,0,0,0,0,0,0,0,0,0,0,0,0,0,0
387,387,31,0,0,0,0,0,0,0,0,0,0,0,0,0,1,0,0,0,0,0,0,0
388,388,44,0,0,0,0,0,0,0,0,0,0,0,0,0,0,0,0,0,0,0,0,1
389,389,42,0,0,0,0,0,0,0,0,0,0,0,0,0,0,0,0,0,0,0,0,1
390,390,23,0,0,0,0,0,0,0,0,0,0,0,0,0,0,0,0,0,0,1,0,0
391,391,52,0,0,0,0,0,0,0,0,0,0,0,0,0,0,0,0,0,0,0,0,1
392,392,19,0,0,0,0,0,0,0,0,0,0,0,0,0,0,0,0,0,0,1,0,0
393,393,25,1,0,0,0,0,0,0,0,0,0,0,0,0,0,0,0,0,0,0,0,0
394,394,43,0,0,0,0,0,0,0,0,0,0,0,0,0,1,0,0,0,0,0,0,0
395,395,57,0,0,0,0,1,0,0,0,0,0,0,0,0,0,0,0,0,0,0,0,0
396,396,17,0,0,0,0,0,0,0,0,0,0,0,0,0,0,0,0,0,0,1,0,0
397,397,40,0,0,0,0,0,0,0,0,0,0,0,0,0,1,0,0,0,0,0,0,0
398,398,25,0,0,0,0,0,0,0,0,0,0,0,0,0,1,0,0,0,0,0,0,0
399,399,33,1,0,0,0,0,0,0,0,0,0,0,0,0,0,0,0,0,0,0,0,0
400,400,46,0,0,0,0,0,0,0,1,0,0,0,0,0,0,0,0,0,0,0,0,0
401,401,30,0,0,0,0,1,0,0,0,0,0,0,0,0,0,0,0,0,0,0,0,0
402,402,37,0,0,0,0,0,0,0,0,0,0,0,0,0,1,0,0,0,0,0,0,0
403,403,29,0,0,0,0,0,0,0,0,0,0,0,0,0,0,1,0,0,0,0,0,0
404,404,22,0,0,0,0,0,0,0,1,0,0,0,0,0,0,0,0,0,0,0,0,0
405,405,52,0,0,0,1,0,0,0,0,0,0,0,0,0,0,0,0,0,0,0,0,0
406,406,29,0,0,0,0,1,0,0,0,0,0,0,0,0,0,0,0,0,0,0,0,0
407,407,23,0,0,0,0,0,0,0,0,0,0,0,0,0,0,0,0,0,0,1,0,0
408,408,48,1,0,0,0,0,0,0,0,0,0,0,0,0,0,0,0,0,0,0,0,0
409,409,30,0,1,0,0,0,0,0,0,0,0,0,0,0,0,0,0,0,0,0,0,0
410,410,34,0,0,0,1,0,0,0,0,0,0,0,0,0,0,0,0,0,0,0,0,0
411,411,25,0,0,0,1,0,0,0,0,0,0,0,0,0,0,0,0,0,0,0,0,0
412,412,55,0,0,0,1,0,0,0,0,0,0,0,0,0,0,0,0,0,0,0,0,0
413,413,24,0,0,0,0,0,0,0,0,0,0,0,0,0,0,1,0,0,0,0,0,0
414,414,39,0,0,0,1,0,0,0,0,0,0,0,0,0,0,0,0,0,0,0,0,0
415,415,20,0,0,0,0,0,0,0,0,0,0,0,0,0,0,0,0,0,0,1,0,0
416,416,27,0,0,0,0,0,0,0,0,0,0,0,0,0,1,0,0,0,0,0,0,0
417,417,55,0,0,0,0,0,0,0,0,0,0,0,0,1,0,0,0,0,0,0,0,0
418,418,37,0,0,0,0,0,0,0,0,0,1,0,0,0,0,0,0,0,0,0,0,0
419,419,53,0,0,0,1,0,0,0,0,0,0,0,0,0,0,0,0,0,0,0,0,0
420,420,38,0,0,0,0,0,0,0,0,0,0,0,0,0,0,1,0,0,0,0,0,0
421,421,26,0,0,0,0,0,1,0,0,0,0,0,0,0,0,0,0,0,0,0,0,0
422,422,64,0,0,0,0,0,0,0,0,0,0,0,0,0,1,0,0,0,0,0,0,0
423,423,36,0,0,0,0,0,0,0,0,0,0,0,1,0,0,0,0,0,0,0,0,0
424,424,19,0,0,0,0,0,0,0,0,0,0,0,0,0,0,0,0,0,0,1,0,0
425,425,55,0,0,0,1,0,0,0,0,0,0,0,0,0,0,0,0,0,0,0,0,0
426,426,51,0,0,1,0,0,0,0,0,0,0,0,0,0,0,0,0,0,0,0,0,0
427,427,28,0,0,0,0,0,0,0,0,0,0,0,0,0,0,0,0,0,0,1,0,0
428,428,27,0,0,0,0,0,0,0,0,0,0,0,0,0,0,0,0,0,0,1,0,0
429,429,38,0,0,0,0,0,0,0,0,0,0,0,0,0,0,0,0,0,1,0,0,0
430,430,24,0,0,0,0,0,0,0,0,0,0,0,1,0,0,0,0,0,0,0,0,0
431,431,22,0,0,0,0,0,1,0,0,0,0,0,0,0,0,0,0,0,0,0,0,0
432,432,27,0,1,0,0,0,0,0,0,0,0,0,0,0,0,0,0,0,0,0,0,0
433,433,16,0,0,0,0,0,0,0,0,0,0,0,0,0,0,0,0,0,0,1,0,0
434,434,24,0,0,0,0,1,0,0,0,0,0,0,0,0,0,0,0,0,0,0,0,0
435,435,30,1,0,0,0,0,0,0,0,0,0,0,0,0,0,0,0,0,0,0,0,0
436,436,27,0,0,0,0,0,0,0,0,0,0,0,0,0,1,0,0,0,0,0,0,0
437,437,51,1,0,0,0,0,0,0,0,0,0,0,0,0,0,0,0,0,0,0,0,0
438,438,23,1,0,0,0,0,0,0,0,0,0,0,0,0,0,0,0,0,0,0,0,0
439,439,30,0,0,0,0,0,0,0,0,0,0,0,0,0,1,0,0,0,0,0,0,0
440,440,50,0,0,0,0,0,0,0,0,0,0,0,0,0,0,0,0,0,0,0,1,0
441,441,22,0,0,0,0,0,0,0,0,0,0,0,0,0,0,0,0,0,0,1,0,0
442,442,35,0,0,0,0,0,0,0,0,0,0,0,0,0,0,0,0,1,0,0,0,0
443,443,51,0,0,0,0,0,0,0,0,0,1,0,0,0,0,0,0,0,0,0,0,0
444,444,21,0,0,0,0,0,0,0,0,0,0,0,0,0,0,0,0,0,0,0,0,1
445,445,57,0,0,0,1,0,0,0,0,0,0,0,0,0,0,0,0,0,0,0,0,0
446,446,30,1,0,0,0,0,0,0,0,0,0,0,0,0,0,0,0,0,0,0,0,0
447,447,23,0,0,0,0,0,1,0,0,0,0,0,0,0,0,0,0,0,0,0,0,0
448,448,23,0,0,0,0,0,0,0,0,0,0,1,0,0,0,0,0,0,0,0,0,0
449,449,35,0,0,0,1,0,0,0,0,0,0,0,0,0,0,0,0,0,0,0,0,0
450,450,16,0,0,0,0,0,0,0,0,0,0,0,0,0,0,0,0,0,0,1,0,0
451,451,35,1,0,0,0,0,0,0,0,0,0,0,0,0,0,0,0,0,0,0,0,0
452,452,18,0,0,0,0,0,0,0,0,0,0,0,0,0,0,0,0,0,0,1,0,0
453,453,57,0,0,0,0,0,0,0,0,0,0,0,0,0,1,0,0,0,0,0,0,0
454,454,48,1,0,0,0,0,0,0,0,0,0,0,0,0,0,0,0,0,0,0,0,0
455,455,24,0,0,0,0,0,0,0,0,0,0,0,0,0,0,0,0,0,0,0,1,0
456,456,33,0,0,0,0,0,0,0,0,0,0,0,0,0,0,0,0,1,0,0,0,0
457,457,47,0,0,0,0,0,0,0,0,0,0,0,0,0,0,0,0,0,0,0,1,0
458,458,22,0,0,0,0,0,0,0,0,0,0,0,0,0,0,0,0,0,0,1,0,0
459,459,44,0,0,0,0,0,0,0,0,0,0,0,0,0,1,0,0,0,0,0,0,0
460,460,15,0,0,0,0,0,0,0,0,0,0,0,0,0,0,0,0,0,0,1,0,0
461,461,19,0,0,0,0,0,0,0,0,0,0,0,0,0,0,0,0,0,0,1,0,0
462,462,48,0,0,0,0,0,0,0,1,0,0,0,0,0,0,0,0,0,0,0,0,0
463,463,60,0,0,0,0,0,0,0,0,0,0,0,0,0,0,0,0,0,0,0,0,1
464,464,32,0,0,0,0,0,0,0,0,0,0,0,0,0,1,0,0,0,0,0,0,0
465,465,22,0,0,0,0,0,0,0,0,0,0,0,0,0,0,0,0,0,0,1,0,0
466,466,29,0,0,0,0,1,0,0,0,0,0,0,0,0,0,0,0,0,0,0,0,0
467,467,28,0,0,0,0,1,0,0,0,0,0,0,0,0,0,0,0,0,0,0,0,0
468,468,60,0,0,0,1,0,0,0,0,0,0,0,0,0,0,0,0,0,0,0,0,0
469,469,24,0,0,0,0,0,0,0,0,0,0,0,0,0,0,1,0,0,0,0,0,0
470,470,10,0,0,0,0,0,0,0,0,0,0,0,0,0,0,0,0,0,0,1,0,0
471,471,24,0,0,0,0,0,0,0,0,0,0,0,0,0,0,0,0,0,0,1,0,0
472,472,29,0,0,0,0,0,0,0,0,0,0,0,0,0,0,0,0,0,0,1,0,0
473,473,51,0,0,0,0,0,0,1,0,0,0,0,0,0,0,0,0,0,0,0,0,0
474,474,30,0,0,0,0,0,0,0,0,0,0,0,0,0,0,1,0,0,0,0,0,0
475,475,28,0,0,0,0,0,0,0,0,0,0,0,0,0,0,0,0,0,0,1,0,0
476,476,23,0,0,0,0,0,0,0,0,0,0,0,0,0,0,0,0,0,0,1,0,0
477,477,29,0,0,0,0,0,0,0,0,0,0,0,0,0,1,0,0,0,0,0,0,0
478,478,30,0,0,0,1,0,0,0,0,0,0,0,0,0,0,0,0,0,0,0,0,0
479,479,57,0,0,0,0,0,0,0,0,0,0,0,0,0,0,0,1,0,0,0,0,0
480,480,73,0,0,0,0,0,0,0,0,0,0,0,0,0,0,0,1,0,0,0,0,0
481,481,18,0,0,0,0,0,0,0,0,0,0,0,0,0,0,0,0,0,0,1,0,0
482,482,29,0,0,0,0,0,0,0,0,0,0,0,0,0,0,0,0,0,1,0,0,0
483,483,27,0,0,0,0,0,0,0,0,0,0,0,0,0,0,0,0,0,0,1,0,0
484,484,44,0,0,0,1,0,0,0,0,0,0,0,0,0,0,0,0,0,0,0,0,0
485,485,39,0,0,0,1,0,0,0,0,0,0,0,0,0,0,0,0,0,0,0,0,0
486,486,22,0,0,0,0,1,0,0,0,0,0,0,0,0,0,0,0,0,0,0,0,0
487,487,48,0,0,0,0,0,0,0,0,0,0,0,0,0,0,0,0,0,0,0,1,0
488,488,55,0,0,0,0,0,0,0,0,0,0,0,0,0,1,0,0,0,0,0,0,0
489,489,29,0,1,0,0,0,0,0,0,0,0,0,0,0,0,0,0,0,0,0,0,0
490,490,43,0,0,0,0,0,0,0,0,0,0,0,0,0,0,0,0,0,0,0,0,1
491,491,57,0,0,0,1,0,0,0,0,0,0,0,0,0,0,0,0,0,0,0,0,0
492,492,22,0,0,0,0,1,0,0,0,0,0,0,0,0,0,0,0,0,0,0,0,0
493,493,38,1,0,0,0,0,0,0,0,0,0,0,0,0,0,0,0,0,0,0,0,0
494,494,29,0,0,0,0,1,0,0,0,0,0,0,0,0,0,0,0,0,0,0,0,0
495,495,21,0,0,0,0,0,0,0,0,0,0,0,0,0,0,0,0,0,0,1,0,0
496,496,20,0,0,0,0,0,0,0,0,0,0,0,0,0,0,0,0,0,0,1,0,0
497,497,26,0,0,0,0,0,0,0,0,0,0,0,0,0,0,0,0,0,0,0,0,1
498,498,42,0,0,0,0,0,0,0,0,0,0,0,0,0,0,1,0,0,0,0,0,0
499,499,28,1,0,0,0,0,0,0,0,0,0,0,0,0,0,0,0,0,0,0,0,0
500,500,22,0,0,0,0,0,0,0,0,0,0,0,0,0,0,0,0,0,0,1,0,0
501,501,22,0,0,0,0,0,0,0,0,0,0,0,0,0,0,0,0,0,0,1,0,0
502,502,50,0,0,0,0,0,0,0,0,0,0,0,0,0,0,0,0,0,0,0,0,1
503,503,40,0,0,0,0,0,0,0,0,0,0,0,0,0,0,0,0,0,0,0,0,1
504,504,27,0,0,0,0,0,0,0,0,0,0,0,0,0,1,0,0,0,0,0,0,0
505,505,46,0,0,0,0,0,0,0,0,0,0,0,0,0,0,1,0,0,0,0,0,0
506,506,18,0,0,0,0,0,0,0,0,0,0,0,0,0,0,0,0,0,0,0,0,1
507,507,27,0,0,0,0,0,0,0,0,0,0,0,1,0,0,0,0,0,0,0,0,0
508,508,23,1,0,0,0,0,0,0,0,0,0,0,0,0,0,0,0,0,0,0,0,0
509,509,34,0,0,0,0,0,0,0,0,0,0,0,0,0,1,0,0,0,0,0,0,0
510,510,22,0,0,0,0,0,0,0,0,0,0,0,0,0,0,0,0,0,0,1,0,0
511,511,29,0,0,0,0,0,0,0,0,0,0,0,0,0,1,0,0,0,0,0,0,0
512,512,43,1,0,0,0,0,0,0,0,0,0,0,0,0,0,0,0,0,0,0,0,0
513,513,27,0,0,0,0,0,0,0,0,0,0,0,0,0,0,1,0,0,0,0,0,0
514,514,53,0,0,0,0,0,0,0,0,0,0,0,1,0,0,0,0,0,0,0,0,0
515,515,53,0,0,0,0,0,0,0,0,0,0,1,0,0,0,0,0,0,0,0,0,0
516,516,24,0,0,0,0,0,0,0,0,0,0,0,0,0,0,0,0,0,0,1,0,0
517,517,49,0,0,0,0,0,0,0,0,0,0,0,0,0,0,0,0,0,0,0,0,1
518,518,22,0,0,0,0,0,0,0,0,0,0,0,0,0,1,0,0,0,0,0,0,0
519,519,62,0,0,0,0,0,0,0,1,0,0,0,0,0,0,0,0,0,0,0,0,0
520,520,19,0,0,0,0,0,0,0,0,0,0,0,0,0,0,0,0,0,0,1,0,0
521,521,36,0,0,0,0,1,0,0,0,0,0,0,0,0,0,0,0,0,0,0,0,0
522,522,50,1,0,0,0,0,0,0,0,0,0,0,0,0,0,0,0,0,0,0,0,0
523,523,56,0,0,0,1,0,0,0,0,0,0,0,0,0,0,0,0,0,0,0,0,0
524,524,27,1,0,0,0,0,0,0,0,0,0,0,0,0,0,0,0,0,0,0,0,0
525,525,30,0,0,0,0,0,0,0,0,0,0,0,1,0,0,0,0,0,0,0,0,0
526,526,33,0,0,0,0,0,0,0,0,0,0,1,0,0,0,0,0,0,0,0,0,0
527,527,18,0,0,0,0,0,0,0,0,0,0,0,0,0,0,0,0,0,0,1,0,0
528,528,47,1,0,0,0,0,0,0,0,0,0,0,0,0,0,0,0,0,0,0,0,0
529,529,29,0,0,0,0,1,0,0,0,0,0,0,0,0,0,0,0,0,0,0,0,0
530,530,30,0,0,0,0,0,0,0,0,0,0,0,0,0,0,0,0,1,0,0,0,0
531,531,20,0,0,0,0,0,0,0,0,0,0,0,0,0,0,0,0,0,0,1,0,0
532,532,43,0,0,0,0,0,0,0,0,0,0,1,0,0,0,0,0,0,0,0,0,0
533,533,20,0,0,0,0,0,0,0,0,0,0,0,0,0,0,0,0,0,0,1,0,0
534,534,45,0,0,0,1,0,0,0,0,0,0,0,0,0,0,0,0,0,0,0,0,0
535,535,38,0,0,0,0,1,0,0,0,0,0,0,0,0,0,0,0,0,0,0,0,0
536,536,36,0,0,0,0,1,0,0,0,0,0,0,0,0,0,0,0,0,0,0,0,0
537,537,31,0,0,0,0,0,0,0,0,0,0,0,0,0,0,0,0,0,1,0,0,0
538,538,53,1,0,0,0,0,0,0,0,0,0,0,0,0,0,0,0,0,0,0,0,0
539,539,28,0,0,0,0,1,0,0,0,0,0,0,0,0,0,0,0,0,0,0,0,0
540,540,19,0,0,0,0,0,0,0,0,0,0,0,0,0,0,0,0,0,0,1,0,0
541,541,21,0,0,0,0,0,0,0,0,0,0,0,0,0,0,0,0,0,0,1,0,0
542,542,33,0,0,0,0,0,0,0,0,0,0,0,0,0,0,0,0,0,1,0,0,0
543,543,44,0,0,0,0,0,0,0,0,0,0,0,0,0,1,0,0,0,0,0,0,0
544,544,27,0,0,0,0,0,0,0,0,0,0,0,0,0,0,0,0,0,0,0,1,0
545,545,36,0,0,0,0,0,0,1,0,0,0,0,0,0,0,0,0,0,0,0,0,0
546,546,50,0,0,0,1,0,0,0,0,0,0,0,0,0,0,0,0,0,0,0,0,0
547,547,51,0,0,0,0,0,0,0,0,0,0,0,0,0,0,0,0,0,0,0,0,1
548,548,42,0,0,0,0,0,0,0,0,0,0,0,0,0,0,0,0,0,1,0,0,0
549,549,16,0,0,0,0,0,0,0,0,0,0,0,0,0,0,0,0,0,0,1,0,0
550,550,25,0,0,0,0,0,0,0,0,0,0,0,0,0,0,1,0,0,0,0,0,0
551,551,45,0,0,0,0,0,0,0,0,0,0,0,0,0,1,0,0,0,0,0,0,0
552,552,58,0,0,0,1,0,0,0,0,0,0,0,0,0,0,0,0,0,0,0,0,0
553,553,32,0,0,0,0,0,0,0,0,0,0,0,0,0,0,0,0,0,1,0,0,0
554,554,29,0,0,0,1,0,0,0,0,0,0,0,0,0,0,0,0,0,0,0,0,0
555,555,35,0,0,0,1,0,0,0,0,0,0,0,0,0,0,0,0,0,0,0,0,0
556,556,30,0,0,0,0,0,0,0,0,0,0,0,0,0,0,0,0,0,0,0,0,1
557,557,56,0,0,0,0,0,0,0,0,0,0,0,0,0,0,0,0,0,0,0,0,1
558,558,69,0,0,0,0,0,0,1,0,0,0,0,0,0,0,0,0,0,0,0,0,0
559,559,32,0,0,0,0,0,0,0,0,0,0,0,0,0,0,0,0,0,0,1,0,0
560,560,23,0,0,0,0,1,0,0,0,0,0,0,0,0,0,0,0,0,0,0,0,0
561,561,54,1,0,0,0,0,0,0,0,0,0,0,0,0,0,0,0,0,0,0,0,0
562,562,39,0,0,0,0,0,0,0,0,0,0,1,0,0,0,0,0,0,0,0,0,0
563,563,65,0,0,0,0,0,0,0,0,0,0,0,0,0,0,0,1,0,0,0,0,0
564,564,40,0,0,0,0,0,0,0,0,0,0,0,0,0,0,0,0,0,0,1,0,0
565,565,20,0,0,0,0,0,0,0,0,0,0,0,0,0,0,0,0,0,0,1,0,0
566,566,24,0,0,0,0,0,1,0,0,0,0,0,0,0,0,0,0,0,0,0,0,0
567,567,39,0,0,0,1,0,0,0,0,0,0,0,0,0,0,0,0,0,0,0,0,0
568,568,34,0,0,0,1,0,0,0,0,0,0,0,0,0,0,0,0,0,0,0,0,0
569,569,26,0,0,0,1,0,0,0,0,0,0,0,0,0,0,0,0,0,0,0,0,0
570,570,34,0,1,0,0,0,0,0,0,0,0,0,0,0,0,0,0,0,0,0,0,0
571,571,51,0,0,0,1,0,0,0,0,0,0,0,0,0,0,0,0,0,0,0,0,0
572,572,68,0,0,0,0,0,0,0,0,0,0,0,0,0,0,0,1,0,0,0,0,0
573,573,56,0,0,0,1,0,0,0,0,0,0,0,0,0,0,0,0,0,0,0,0,0
574,574,33,0,0,0,0,0,0,0,0,0,0,0,1,0,0,0,0,0,0,0,0,0
575,575,48,0,0,0,0,0,0,1,0,0,0,0,0,0,0,0,0,0,0,0,0,0
576,576,36,0,0,0,0,0,0,0,0,0,0,0,0,0,0,0,0,0,0,1,0,0
577,577,31,1,0,0,0,0,0,0,0,0,0,0,0,0,0,0,0,0,0,0,0,0
578,578,32,0,0,0,1,0,0,0,0,0,0,0,0,0,0,0,0,0,0,0,0,0
579,579,16,0,0,0,0,0,0,0,0,0,0,0,0,0,0,0,0,0,0,1,0,0
580,580,37,0,0,0,0,0,0,0,0,0,0,0,0,0,1,0,0,0,0,0,0,0
581,581,17,0,0,0,0,0,0,0,0,0,0,0,0,0,0,0,0,0,0,1,0,0
582,582,44,0,0,0,0,1,0,0,0,0,0,0,0,0,0,0,0,0,0,0,0,0
583,583,25,0,0,0,0,0,0,0,0,0,0,0,0,0,0,0,0,0,0,1,0,0
584,584,69,0,0,0,0,0,0,0,0,0,0,1,0,0,0,0,0,0,0,0,0,0
585,585,20,0,0,0,0,0,0,0,0,0,0,0,0,0,0,0,0,0,0,1,0,0
586,586,26,0,0,0,0,0,0,0,0,0,0,0,0,0,1,0,0,0,0,0,0,0
587,587,18,0,0,0,0,0,0,0,0,0,0,0,0,0,0,0,0,0,0,1,0,0
588,588,21,0,0,0,0,0,0,0,0,0,1,0,0,0,0,0,0,0,0,0,0,0
589,589,50,0,0,0,1,0,0,0,0,0,0,0,0,0,0,0,0,0,0,0,0,0
590,590,57,0,0,0,0,0,0,0,0,0,0,1,0,0,0,0,0,0,0,0,0,0
591,591,18,0,0,0,0,0,0,0,0,0,0,0,0,0,0,0,0,0,0,1,0,0
592,592,31,0,0,0,1,0,0,0,0,0,0,0,0,0,0,0,0,0,0,0,0,0
593,593,46,0,0,0,1,0,0,0,0,0,0,0,0,0,0,0,0,0,0,0,0,0
594,594,25,0,0,0,0,0,0,0,0,0,0,0,0,0,0,1,0,0,0,0,0,0
595,595,20,0,1,0,0,0,0,0,0,0,0,0,0,0,0,0,0,0,0,0,0,0
596,596,23,0,0,0,0,0,0,0,0,0,0,0,0,0,1,0,0,0,0,0,0,0
597,597,40,0,0,0,0,0,0,0,0,0,0,0,1,0,0,0,0,0,0,0,0,0
598,598,22,0,0,0,0,0,0,0,0,0,0,0,0,0,0,0,0,0,0,1,0,0
599,599,34,0,0,0,0,0,0,0,0,0,0,0,0,0,0,1,0,0,0,0,0,0
600,600,19,0,1,0,0,0,0,0,0,0,0,0,0,0,0,0,0,0,0,0,0,0
601,601,47,0,0,0,0,0,0,0,0,0,0,0,0,0,1,0,0,0,0,0,0,0
602,602,21,0,0,0,0,0,0,0,0,0,0,0,0,0,0,1,0,0,0,0,0,0
603,603,39,0,0,0,1,0,0,0,0,0,0,0,0,0,0,0,0,0,0,0,0,0
604,604,33,0,0,0,0,1,0,0,0,0,0,0,0,0,0,0,0,0,0,0,0,0
605,605,28,0,0,0,0,0,0,0,0,0,0,0,0,0,0,1,0,0,0,0,0,0
606,606,49,0,0,0,0,0,0,0,1,0,0,0,0,0,0,0,0,0,0,0,0,0
607,607,22,0,0,0,0,0,0,0,0,0,0,0,0,0,1,0,0,0,0,0,0,0
608,608,13,0,0,0,0,0,0,0,0,0,0,0,0,0,0,0,0,0,0,1,0,0
609,609,22,0,0,0,0,0,0,0,0,0,0,0,0,0,0,0,0,0,0,1,0,0
610,610,46,0,0,0,0,0,0,0,0,0,0,1,0,0,0,0,0,0,0,0,0,0
611,611,36,0,0,0,1,0,0,0,0,0,0,0,0,0,0,0,0,0,0,0,0,0
612,612,37,0,0,0,0,0,0,0,0,0,0,0,1,0,0,0,0,0,0,0,0,0
613,613,54,0,0,0,1,0,0,0,0,0,0,0,0,0,0,0,0,0,0,0,0,0
614,614,38,0,0,0,1,0,0,0,0,0,0,0,0,0,0,0,0,0,0,0,0,0
615,615,55,0,0,0,0,0,0,0,0,0,0,0,0,0,0,0,0,0,1,0,0,0
616,616,27,0,0,0,0,0,0,0,0,0,0,0,0,0,0,0,0,0,0,0,0,1
617,617,15,0,0,0,0,0,0,0,0,0,0,0,0,0,0,0,0,0,0,1,0,0
618,618,17,0,0,0,0,0,0,0,0,0,0,0,0,0,0,0,0,0,0,1,0,0
619,619,18,0,0,0,0,0,0,0,0,0,0,0,0,0,0,0,0,0,0,0,0,1
620,620,17,0,0,0,0,0,0,0,0,0,0,0,0,0,0,0,0,0,0,1,0,0
621,621,25,0,0,0,0,0,0,0,0,0,0,0,0,0,0,1,0,0,0,0,0,0
622,622,50,0,0,0,1,0,0,0,0,0,0,0,0,0,0,0,0,0,0,0,0,0
623,623,19,0,0,0,0,0,0,0,0,0,0,0,0,0,0,0,0,0,0,1,0,0
624,624,27,0,0,0,0,0,0,0,0,0,0,0,0,0,0,1,0,0,0,0,0,0
625,625,23,0,0,0,0,0,0,0,0,0,0,0,0,0,0,0,0,0,1,0,0,0
626,626,24,0,0,0,0,1,0,0,0,0,0,0,0,0,0,0,0,0,0,0,0,0
627,627,13,0,0,0,0,0,0,0,0,0,0,0,0,1,0,0,0,0,0,0,0,0
628,628,46,0,0,0,0,0,0,0,0,0,0,0,0,0,1,0,0,0,0,0,0,0
629,629,26,0,0,0,0,0,0,0,1,0,0,0,0,0,0,0,0,0,0,0,0,0
630,630,18,0,0,0,0,0,0,0,0,0,0,0,0,0,0,0,0,0,0,1,0,0
631,631,18,0,0,0,0,0,0,0,0,0,0,0,0,0,0,0,0,0,0,1,0,0
632,632,35,0,0,0,0,0,0,0,0,0,0,0,0,0,0,1,0,0,0,0,0,0
633,633,39,0,0,0,0,1,0,0,0,0,0,0,0,0,0,0,0,0,0,0,0,0
634,634,22,0,0,0,0,0,0,0,0,0,0,0,0,0,1,0,0,0,0,0,0,0
635,635,47,0,0,0,1,0,0,0,0,0,0,0,0,0,0,0,0,0,0,0,0,0
636,636,30,0,0,0,0,0,0,0,0,0,0,0,0,0,1,0,0,0,0,0,0,0
637,637,45,0,0,0,0,1,0,0,0,0,0,0,0,0,0,0,0,0,0,0,0,0
638,638,42,0,0,0,0,0,0,0,0,0,0,1,0,0,0,0,0,0,0,0,0,0
639,639,20,0,0,0,0,0,0,0,0,0,0,0,0,0,0,0,0,0,0,1,0,0
640,640,24,0,0,0,0,0,0,0,0,0,0,0,0,0,0,0,0,0,0,1,0,0
641,641,18,0,0,0,0,0,0,0,0,0,0,0,0,0,0,0,0,0,0,1,0,0
642,642,39,0,0,0,0,0,0,0,0,0,0,0,0,0,0,0,0,0,1,0,0,0
643,643,51,0,0,0,0,0,0,0,0,0,0,0,0,0,0,0,1,0,0,0,0,0
644,644,27,0,0,0,0,0,0,0,0,0,0,0,0,0,0,1,0,0,0,0,0,0
645,645,17,0,0,0,0,0,0,0,0,0,0,0,0,0,0,0,0,0,0,1,0,0
646,646,40,0,0,0,1,0,0,0,0,0,0,0,0,0,0,0,0,0,0,0,0,0
647,647,43,0,0,0,0,1,0,0,0,0,0,0,0,0,0,0,0,0,0,0,0,0
648,648,20,0,0,0,0,0,0,0,0,0,0,0,0,0,0,0,0,0,0,1,0,0
649,649,42,0,0,0,0,1,0,0,0,0,0,0,0,0,0,0,0,0,0,0,0,0
650,650,65,0,0,0,0,0,0,0,0,0,0,0,0,0,0,0,1,0,0,0,0,0
651,651,35,0,0,0,0,0,0,0,0,0,0,0,0,0,1,0,0,0,0,0,0,0
652,652,31,0,0,0,0,0,0,1,0,0,0,0,0,0,0,0,0,0,0,0,0,0
653,653,27,0,0,0,0,0,0,0,0,0,0,0,0,0,0,0,0,0,0,1,0,0
654,654,50,0,0,0,0,0,0,0,1,0,0,0,0,0,0,0,0,0,0,0,0,0
655,655,48,0,0,0,1,0,0,0,0,0,0,0,0,0,0,0,0,0,0,0,0,0
656,656,26,0,0,0,0,0,0,0,0,0,0,0,0,1,0,0,0,0,0,0,0,0
657,657,33,0,0,0,0,0,0,0,0,0,0,0,0,0,0,1,0,0,0,0,0,0
658,658,31,0,0,0,1,0,0,0,0,0,0,0,0,0,0,0,0,0,0,0,0,0
659,659,26,0,0,0,0,0,0,0,0,0,0,0,0,0,0,0,0,0,0,1,0,0
660,660,28,0,0,0,0,0,0,0,0,0,0,0,0,0,0,1,0,0,0,0,0,0
661,661,55,0,0,0,0,0,0,0,0,0,0,1,0,0,0,0,0,0,0,0,0,0
662,662,26,0,0,0,0,0,0,0,0,0,0,0,0,0,1,0,0,0,0,0,0,0
663,663,30,0,0,0,0,1,0,0,0,0,0,0,0,0,0,0,0,0,0,0,0,0
664,664,25,1,0,0,0,0,0,0,0,0,0,0,0,0,0,0,0,0,0,0,0,0
665,665,44,1,0,0,0,0,0,0,0,0,0,0,0,0,0,0,0,0,0,0,0,0
666,666,35,0,0,0,0,0,0,0,0,0,0,1,0,0,0,0,0,0,0,0,0,0
667,667,29,0,0,0,0,0,0,0,0,0,0,0,0,0,0,0,0,0,0,0,0,1
668,668,37,0,0,0,0,0,0,0,0,0,0,0,0,0,1,0,0,0,0,0,0,0
669,669,30,0,0,0,0,0,0,0,0,0,0,0,0,0,0,0,0,0,0,0,1,0
670,670,21,0,0,0,0,0,0,0,0,0,0,0,0,0,0,1,0,0,0,0,0,0
671,671,54,1,0,0,0,0,0,0,0,0,0,0,0,0,0,0,0,0,0,0,0,0
672,672,51,0,0,0,1,0,0,0,0,0,0,0,0,0,0,0,0,0,0,0,0,0
673,673,13,0,0,0,0,0,0,0,0,0,0,0,0,0,0,0,0,0,0,1,0,0
674,674,34,0,0,0,0,0,0,0,0,0,0,0,0,0,1,0,0,0,0,0,0,0
675,675,30,0,0,0,0,0,0,0,0,0,0,0,0,0,0,1,0,0,0,0,0,0
676,676,20,0,0,0,0,0,0,0,0,0,0,0,0,0,1,0,0,0,0,0,0,0
677,677,50,0,0,0,1,0,0,0,0,0,0,0,0,0,0,0,0,0,0,0,0,0
678,678,20,0,0,0,0,0,0,0,0,0,0,0,0,0,0,0,0,0,0,1,0,0
679,679,33,0,0,0,0,0,0,0,0,0,1,0,0,0,0,0,0,0,0,0,0,0
680,680,44,0,0,0,0,0,0,0,0,0,0,0,1,0,0,0,0,0,0,0,0,0
681,681,23,0,0,0,0,0,0,0,0,0,0,0,0,0,0,1,0,0,0,0,0,0
682,682,42,0,0,0,0,0,0,0,0,0,0,1,0,0,0,0,0,0,0,0,0,0
683,683,28,0,0,0,0,0,0,0,0,0,0,0,0,0,0,0,0,0,0,1,0,0
684,684,32,0,0,0,0,0,0,0,0,0,0,1,0,0,0,0,0,0,0,0,0,0
685,685,32,0,0,0,1,0,0,0,0,0,0,0,0,0,0,0,0,0,0,0,0,0
686,686,31,0,0,0,0,0,0,0,1,0,0,0,0,0,0,0,0,0,0,0,0,0
687,687,37,1,0,0,0,0,0,0,0,0,0,0,0,0,0,0,0,0,0,0,0,0
688,688,25,0,0,0,0,0,0,0,0,0,0,0,0,0,1,0,0,0,0,0,0,0
689,689,35,0,0,0,0,0,0,0,0,0,0,0,0,0,0,0,0,1,0,0,0,0
690,690,34,0,0,0,1,0,0,0,0,0,0,0,0,0,0,0,0,0,0,0,0,0
691,691,34,0,0,0,0,1,0,0,0,0,0,0,0,0,0,0,0,0,0,0,0,0
692,692,43,0,0,0,0,0,0,0,1,0,0,0,0,0,0,0,0,0,0,0,0,0
693,693,60,0,0,0,0,0,0,0,0,0,0,0,0,0,0,1,0,0,0,0,0,0
694,694,26,0,0,0,0,0,0,0,0,0,0,0,0,0,0,0,0,0,0,0,0,1
695,695,55,0,0,0,0,0,0,0,0,0,0,0,0,0,1,0,0,0,0,0,0,0
696,696,25,0,0,0,0,0,0,0,0,0,0,0,0,0,1,0,0,0,0,0,0,0
697,697,28,0,0,0,0,0,0,0,0,0,0,0,0,0,0,1,0,0,0,0,0,0
698,698,44,0,0,0,0,0,0,0,0,0,0,0,0,0,1,0,0,0,0,0,0,0
699,699,17,0,0,0,0,0,0,0,0,0,0,0,0,0,0,0,0,0,0,1,0,0
700,700,51,0,0,0,0,0,0,0,0,0,0,1,0,0,0,0,0,0,0,0,0,0
701,701,37,0,0,0,0,0,0,0,0,0,0,0,0,0,1,0,0,0,0,0,0,0
702,702,26,0,0,0,1,0,0,0,0,0,0,0,0,0,0,0,0,0,0,0,0,0
703,703,51,0,0,0,0,0,0,0,0,0,0,1,0,0,0,0,0,0,0,0,0,0
704,704,21,0,0,0,0,0,0,0,0,0,0,0,0,0,0,0,0,0,0,1,0,0
705,705,23,0,0,0,0,0,0,0,0,0,0,0,0,0,0,0,0,0,0,1,0,0
706,706,56,0,0,0,0,0,0,0,0,0,0,1,0,0,0,0,0,0,0,0,0,0
707,707,26,0,0,0,0,0,0,0,0,1,0,0,0,0,0,0,0,0,0,0,0,0
708,708,21,0,0,0,0,0,0,0,0,0,0,0,0,0,1,0,0,0,0,0,0,0
709,709,19,0,0,0,0,0,0,0,0,0,0,0,0,0,0,0,0,0,0,1,0,0
710,710,22,0,0,0,0,0,0,0,0,0,0,0,0,0,0,0,0,0,0,1,0,0
711,711,22,0,0,0,0,0,0,0,0,0,0,0,0,0,0,0,0,0,0,1,0,0
712,712,42,0,0,0,0,0,0,0,0,0,0,0,0,0,1,0,0,0,0,0,0,0
713,713,26,0,0,0,0,1,0,0,0,0,0,0,0,0,0,0,0,0,0,0,0,0
714,714,21,0,0,0,0,0,0,0,0,0,0,0,0,0,0,0,0,0,0,0,1,0
715,715,36,1,0,0,0,0,0,0,0,0,0,0,0,0,0,0,0,0,0,0,0,0
716,716,24,0,0,0,0,0,0,0,0,0,0,0,0,0,0,0,0,0,0,0,1,0
717,717,42,0,0,0,0,0,0,0,0,0,0,0,0,0,0,0,0,0,0,0,1,0
718,718,37,0,0,0,0,0,0,0,0,0,0,0,0,0,1,0,0,0,0,0,0,0
719,719,49,1,0,0,0,0,0,0,0,0,0,0,0,0,0,0,0,0,0,0,0,0
720,720,24,0,0,0,0,0,1,0,0,0,0,0,0,0,0,0,0,0,0,0,0,0
721,721,50,0,0,0,0,0,0,0,0,1,0,0,0,0,0,0,0,0,0,0,0,0
722,722,26,0,0,0,0,0,0,1,0,0,0,0,0,0,0,0,0,0,0,0,0,0
723,723,31,0,0,0,0,0,0,1,0,0,0,0,0,0,0,0,0,0,0,0,0,0
724,724,21,0,0,0,0,0,0,0,0,0,0,0,0,0,0,0,0,0,0,1,0,0
725,725,25,1,0,0,0,0,0,0,0,0,0,0,0,0,0,0,0,0,0,0,0,0
726,726,25,0,0,0,0,0,0,0,0,0,0,0,0,0,0,0,0,0,0,1,0,0
727,727,58,0,0,0,0,0,0,1,0,0,0,0,0,0,0,0,0,0,0,0,0,0
728,728,19,0,0,0,0,0,0,0,0,0,0,0,0,0,0,0,0,0,0,1,0,0
729,729,31,0,0,0,0,0,0,0,0,0,0,0,0,0,0,0,0,0,1,0,0,0
730,730,41,0,0,0,1,0,0,0,0,0,0,0,0,0,0,0,0,0,0,0,0,0
731,731,28,0,0,0,0,0,0,0,0,0,0,0,0,0,1,0,0,0,0,0,0,0
732,732,44,0,0,0,0,0,0,0,0,0,0,0,0,0,1,0,0,0,0,0,0,0
733,733,25,0,0,0,0,0,0,0,0,0,0,0,0,0,1,0,0,0,0,0,0,0
734,734,29,0,0,0,0,0,0,0,1,0,0,0,0,0,0,0,0,0,0,0,0,0
735,735,48,0,0,0,0,0,0,0,0,0,0,0,0,0,0,0,0,0,0,0,0,1
736,736,30,0,0,0,0,0,0,0,0,0,0,0,0,0,0,1,0,0,0,0,0,0
737,737,35,0,0,0,0,0,0,0,0,0,0,0,0,0,0,0,0,0,0,0,1,0
738,738,35,0,0,0,0,0,0,0,0,0,0,0,0,0,0,0,0,0,0,0,1,0
739,739,25,0,0,0,1,0,0,0,0,0,0,0,0,0,0,0,0,0,0,0,0,0
740,740,25,0,0,0,0,0,0,0,0,0,0,0,0,0,0,0,0,0,0,0,0,1
741,741,35,0,0,0,0,0,0,0,0,0,0,0,0,0,0,0,0,0,0,1,0,0
742,742,31,0,0,0,0,0,0,0,0,0,0,0,0,0,0,1,0,0,0,0,0,0
743,743,35,0,0,0,0,0,0,0,0,0,0,0,1,0,0,0,0,0,0,0,0,0
744,744,42,0,0,0,0,0,0,0,0,0,0,0,0,0,0,0,0,0,0,0,0,1
745,745,25,0,0,0,0,1,0,0,0,0,0,0,0,0,0,0,0,0,0,0,0,0
746,746,19,0,0,0,0,0,0,0,0,0,0,0,0,0,1,0,0,0,0,0,0,0
747,747,28,1,0,0,0,0,0,0,0,0,0,0,0,0,0,0,0,0,0,0,0,0
748,748,33,0,0,0,0,0,0,0,0,0,0,0,0,0,1,0,0,0,0,0,0,0
749,749,28,1,0,0,0,0,0,0,0,0,0,0,0,0,0,0,0,0,0,0,0,0
750,750,24,0,0,0,0,0,0,0,0,0,0,0,0,0,1,0,0,0,0,0,0,0
751,751,60,0,0,0,0,0,0,0,0,0,0,0,0,0,0,0,1,0,0,0,0,0
752,752,56,0,0,0,0,0,0,0,0,0,0,0,0,0,0,0,0,1,0,0,0,0
753,753,59,0,0,0,0,0,0,0,0,0,0,1,0,0,0,0,0,0,0,0,0,0
754,754,44,0,0,0,1,0,0,0,0,0,0,0,0,0,0,0,0,0,0,0,0,0
755,755,30,0,0,0,0,0,0,0,0,0,0,0,0,1,0,0,0,0,0,0,0,0
756,756,26,0,0,0,0,0,0,0,0,0,0,0,0,0,0,0,0,0,0,1,0,0
757,757,27,0,0,0,0,0,0,0,0,0,0,0,0,0,0,0,0,0,0,1,0,0
758,758,20,0,0,0,0,0,0,0,0,0,0,0,0,0,0,0,0,0,0,1,0,0
759,759,35,0,0,0,0,0,0,0,0,0,0,0,0,0,1,0,0,0,0,0,0,0
760,760,17,0,0,0,0,0,0,0,0,0,0,0,0,0,0,0,0,0,0,1,0,0
761,761,32,1,0,0,0,0,0,0,0,0,0,0,0,0,0,0,0,0,0,0,0,0
762,762,27,0,0,0,0,0,0,0,0,0,0,0,0,0,0,0,0,0,1,0,0,0
763,763,27,0,0,0,1,0,0,0,0,0,0,0,0,0,0,0,0,0,0,0,0,0
764,764,31,0,0,0,0,0,0,0,0,0,0,0,0,0,0,0,0,0,0,1,0,0
765,765,42,0,0,0,0,0,0,0,0,0,0,0,0,0,1,0,0,0,0,0,0,0
766,766,70,0,0,0,0,1,0,0,0,0,0,0,0,0,0,0,0,0,0,0,0,0
767,767,29,1,0,0,0,0,0,0,0,0,0,0,0,0,0,0,0,0,0,0,0,0
768,768,39,0,0,0,0,0,0,1,0,0,0,0,0,0,0,0,0,0,0,0,0,0
769,769,28,0,0,0,0,0,0,0,0,0,0,0,0,0,0,0,0,0,0,1,0,0
770,770,26,0,0,0,0,0,0,0,0,0,0,0,0,0,0,0,0,0,0,1,0,0
771,771,50,0,0,0,0,0,0,0,0,0,0,0,0,0,0,0,0,0,0,0,0,1
772,772,20,0,0,0,0,0,0,0,0,0,0,0,0,0,0,0,0,0,0,1,0,0
773,773,30,0,0,0,0,0,0,0,0,0,0,0,0,0,0,0,0,0,0,1,0,0
774,774,46,0,0,0,0,0,0,1,0,0,0,0,0,0,0,0,0,0,0,0,0,0
775,775,30,0,0,0,0,0,0,0,0,0,0,1,0,0,0,0,0,0,0,0,0,0
776,776,63,0,0,0,0,0,0,0,0,0,0,0,0,0,0,1,0,0,0,0,0,0
777,777,34,0,0,0,0,0,0,0,0,0,0,0,0,0,0,0,0,0,0,1,0,0
778,778,31,0,0,0,0,0,0,0,0,0,0,0,0,0,0,0,0,0,0,1,0,0
779,779,49,0,0,0,0,0,0,0,0,0,0,0,0,0,0,1,0,0,0,0,0,0
780,780,20,0,0,0,0,0,0,0,0,0,0,0,0,0,0,0,0,0,0,1,0,0
781,781,21,0,1,0,0,0,0,0,0,0,0,0,0,0,0,0,0,0,0,0,0,0
782,782,30,0,0,0,0,0,0,0,0,0,0,0,1,0,0,0,0,0,0,0,0,0
783,783,47,1,0,0,0,0,0,0,0,0,0,0,0,0,0,0,0,0,0,0,0,0
784,784,32,0,0,0,0,1,0,0,0,0,0,0,0,0,0,0,0,0,0,0,0,0
785,785,36,0,0,0,0,1,0,0,0,0,0,0,0,0,0,0,0,0,0,0,0,0
786,786,18,0,0,0,0,0,0,0,0,0,0,0,0,0,0,0,0,0,0,1,0,0
787,787,51,1,0,0,0,0,0,0,0,0,0,0,0,0,0,0,0,0,0,0,0,0
788,788,29,0,0,0,0,0,0,0,0,0,0,0,0,0,1,0,0,0,0,0,0,0
789,789,27,0,0,0,0,0,0,0,0,0,0,0,0,0,0,0,0,0,0,0,1,0
790,790,31,0,0,0,1,0,0,0,0,0,0,0,0,0,0,0,0,0,0,0,0,0
791,791,40,0,0,0,0,0,0,0,0,0,0,0,0,0,0,1,0,0,0,0,0,0
792,792,22,0,0,0,0,0,0,0,0,0,0,0,0,0,0,0,0,0,0,1,0,0
793,793,32,0,0,0,1,0,0,0,0,0,0,0,0,0,0,0,0,0,0,0,0,0
794,794,30,0,0,0,0,0,0,0,0,0,0,0,0,0,0,1,0,0,0,0,0,0
795,795,32,0,0,0,0,0,0,0,0,0,0,0,0,0,0,0,0,0,0,0,0,1
796,796,44,0,0,0,0,0,0,0,0,0,0,0,0,0,1,0,0,0,0,0,0,0
797,797,40,0,0,0,0,0,0,0,0,0,0,0,0,0,0,0,0,0,0,0,0,1
798,798,49,1,0,0,0,0,0,0,0,0,0,0,0,0,0,0,0,0,0,0,0,0
799,799,25,0,0,0,0,0,0,0,0,0,0,0,0,0,0,1,0,0,0,0,0,0
800,800,22,0,0,0,0,0,0,0,0,0,0,0,0,0,0,0,0,0,0,0,0,1
801,801,35,1,0,0,0,0,0,0,0,0,0,0,0,0,0,0,0,0,0,0,0,0
802,802,70,1,0,0,0,0,0,0,0,0,0,0,0,0,0,0,0,0,0,0,0,0
803,803,39,0,0,0,1,0,0,0,0,0,0,0,0,0,0,0,0,0,0,0,0,0
804,804,27,0,0,0,0,0,0,0,0,0,0,0,0,0,1,0,0,0,0,0,0,0
805,805,27,0,0,0,0,0,0,0,0,0,0,0,1,0,0,0,0,0,0,0,0,0
806,806,41,0,0,0,0,0,0,0,1,0,0,0,0,0,0,0,0,0,0,0,0,0
807,807,45,0,0,0,0,0,0,0,0,0,0,0,0,0,0,0,0,1,0,0,0,0
808,808,50,0,0,0,0,0,0,0,0,0,0,0,1,0,0,0,0,0,0,0,0,0
809,809,55,0,0,0,0,0,0,0,0,0,0,0,0,0,1,0,0,0,0,0,0,0
810,810,40,0,0,0,1,0,0,0,0,0,0,0,0,0,0,0,0,0,0,0,0,0
811,811,22,0,0,0,0,0,0,0,0,0,0,0,0,0,0,0,0,0,0,0,1,0
812,812,14,0,0,0,0,0,0,0,0,0,0,0,0,0,0,0,0,0,0,1,0,0
813,813,30,0,0,0,0,0,0,0,0,0,0,0,0,0,1,0,0,0,0,0,0,0
814,814,32,0,0,0,0,0,0,0,0,0,0,0,0,0,1,0,0,0,0,0,0,0
815,815,34,0,0,0,0,0,0,0,0,0,0,0,0,0,1,0,0,0,0,0,0,0
816,816,19,0,0,0,0,0,0,0,0,0,0,0,0,0,0,0,0,0,0,1,0,0
817,817,28,0,0,0,0,0,0,0,0,0,0,1,0,0,0,0,0,0,0,0,0,0
818,818,59,1,0,0,0,0,0,0,0,0,0,0,0,0,0,0,0,0,0,0,0,0
819,819,22,0,0,0,0,0,0,0,0,0,0,0,0,0,0,0,0,0,0,1,0,0
820,820,37,0,0,0,0,1,0,0,0,0,0,0,0,0,0,0,0,0,0,0,0,0
821,821,29,0,0,0,0,0,0,0,0,0,0,1,0,0,0,0,0,0,0,0,0,0
822,822,27,0,1,0,0,0,0,0,0,0,0,0,0,0,0,0,0,0,0,0,0,0
823,823,31,0,0,0,0,0,0,0,0,0,0,0,0,0,1,0,0,0,0,0,0,0
824,824,44,0,0,0,0,1,0,0,0,0,0,0,0,0,0,0,0,0,0,0,0,0
825,825,28,0,1,0,0,0,0,0,0,0,0,0,0,0,0,0,0,0,0,0,0,0
826,826,23,0,0,0,0,1,0,0,0,0,0,0,0,0,0,0,0,0,0,0,0,0
827,827,28,0,0,0,0,0,0,0,0,0,0,1,0,0,0,0,0,0,0,0,0,0
828,828,48,0,0,0,0,0,0,0,0,0,0,0,0,0,0,0,0,0,0,0,0,1
829,829,46,0,0,0,0,0,0,0,0,0,0,0,0,0,0,1,0,0,0,0,0,0
830,830,21,0,0,0,0,0,0,0,0,0,0,0,0,0,1,0,0,0,0,0,0,0
831,831,24,0,0,0,0,0,0,0,0,0,0,0,0,0,0,0,0,0,0,0,1,0
832,832,34,0,0,0,0,0,0,0,0,0,0,0,0,0,0,0,0,0,0,0,0,1
833,833,26,0,0,0,0,0,0,0,0,0,0,0,0,0,1,0,0,0,0,0,0,0
834,834,44,0,0,0,0,0,0,1,0,0,0,0,0,0,0,0,0,0,0,0,0,0
835,835,44,0,1,0,0,0,0,0,0,0,0,0,0,0,0,0,0,0,0,0,0,0
836,836,36,0,1,0,0,0,0,0,0,0,0,0,0,0,0,0,0,0,0,0,0,0
837,837,23,0,0,0,0,0,0,0,0,0,0,0,0,0,0,0,0,0,0,1,0,0
838,838,38,0,0,0,0,0,1,0,0,0,0,0,0,0,0,0,0,0,0,0,0,0
839,839,39,0,1,0,0,0,0,0,0,0,0,0,0,0,0,0,0,0,0,0,0,0
840,840,45,0,0,1,0,0,0,0,0,0,0,0,0,0,0,0,0,0,0,0,0,0
841,841,40,0,0,0,0,0,0,0,0,0,0,0,0,0,0,0,0,0,0,0,0,1
842,842,35,0,0,0,0,0,0,0,0,0,0,1,0,0,0,0,0,0,0,0,0,0
843,843,22,0,0,0,0,1,0,0,0,0,0,0,0,0,0,0,0,0,0,0,0,0
844,844,64,0,0,1,0,0,0,0,0,0,0,0,0,0,0,0,0,0,0,0,0,0
845,845,27,0,0,0,0,0,0,0,0,0,1,0,0,0,0,0,0,0,0,0,0,0
846,846,29,0,0,0,0,0,0,0,0,0,0,0,0,0,0,0,0,0,0,1,0,0
847,847,46,0,0,0,0,1,0,0,0,0,0,0,0,0,0,0,0,0,0,0,0,0
848,848,15,0,0,0,0,0,0,0,0,0,0,0,0,0,0,0,0,0,0,1,0,0
849,849,34,0,0,0,0,0,0,0,0,0,0,0,0,0,0,0,0,0,0,0,1,0
850,850,18,0,0,0,0,0,0,0,0,0,0,0,0,0,1,0,0,0,0,0,0,0
851,851,46,1,0,0,0,0,0,0,0,0,0,0,0,0,0,0,0,0,0,0,0,0
852,852,49,0,0,0,0,0,0,0,0,0,0,0,0,0,0,0,0,0,0,0,0,1
853,853,29,0,0,0,0,0,0,0,0,0,0,0,0,0,0,0,0,0,0,1,0,0
854,854,53,0,0,0,0,0,0,0,0,0,0,1,0,0,0,0,0,0,0,0,0,0
855,855,43,0,0,0,0,0,0,0,0,0,0,0,1,0,0,0,0,0,0,0,0,0
856,856,35,1,0,0,0,0,0,0,0,0,0,0,0,0,0,0,0,0,0,0,0,0
857,857,63,0,0,0,1,0,0,0,0,0,0,0,0,0,0,0,0,0,0,0,0,0
858,858,18,0,0,0,0,0,0,0,0,0,0,0,0,0,1,0,0,0,0,0,0,0
859,859,70,0,0,0,0,0,0,0,0,0,0,0,0,0,0,0,1,0,0,0,0,0
860,860,38,0,0,0,0,0,0,0,0,0,0,0,0,0,0,0,0,0,0,1,0,0
861,861,25,0,0,0,0,0,0,1,0,0,0,0,0,0,0,0,0,0,0,0,0,0
862,862,17,0,0,0,0,0,0,0,0,0,0,0,0,0,0,0,0,0,0,1,0,0
863,863,27,0,0,0,0,0,0,0,0,0,0,0,0,0,0,1,0,0,0,0,0,0
864,864,25,0,1,0,0,0,0,0,0,0,0,0,0,0,0,0,0,0,0,0,0,0
865,865,45,0,0,0,0,0,0,0,0,0,0,0,0,0,1,0,0,0,0,0,0,0
866,866,24,0,0,0,0,0,0,0,0,0,0,0,0,0,0,0,0,0,1,0,0,0
867,867,21,0,0,0,0,0,0,0,0,0,0,0,0,0,0,1,0,0,0,0,0,0
868,868,30,0,0,0,0,0,0,0,0,0,0,0,0,0,0,0,0,0,0,1,0,0
869,869,22,0,0,0,0,0,0,0,0,0,0,0,0,0,0,0,0,0,0,1,0,0
870,870,31,0,0,0,0,0,0,1,0,0,0,0,0,0,0,0,0,0,0,0,0,0
871,871,19,0,0,0,0,0,0,0,0,0,0,0,0,0,0,0,0,0,0,1,0,0
872,872,48,1,0,0,0,0,0,0,0,0,0,0,0,0,0,0,0,0,0,0,0,0
873,873,36,0,0,0,0,0,0,0,0,0,0,0,0,0,0,0,0,0,1,0,0,0
874,874,24,0,0,0,0,0,0,0,0,0,0,0,0,0,0,0,0,0,0,1,0,0
875,875,41,0,0,0,0,0,0,0,0,0,0,0,0,0,1,0,0,0,0,0,0,0
876,876,30,0,0,0,0,0,0,0,0,0,0,0,0,0,1,0,0,0,0,0,0,0
877,877,50,0,0,0,1,0,0,0,0,0,0,0,0,0,0,0,0,0,0,0,0,0
878,878,33,1,0,0,0,0,0,0,0,0,0,0,0,0,0,0,0,0,0,0,0,0
879,879,13,0,0,0,0,0,0,0,0,0,0,0,0,0,0,0,0,0,0,1,0,0
880,880,39,0,0,0,0,0,0,0,0,0,0,0,1,0,0,0,0,0,0,0,0,0
881,881,35,0,0,0,0,1,0,0,0,0,0,0,0,0,0,0,0,0,0,0,0,0
882,882,49,0,0,0,0,0,0,0,0,0,0,1,0,0,0,0,0,0,0,0,0,0
883,883,44,0,0,0,0,1,0,0,0,0,0,0,0,0,0,0,0,0,0,0,0,0
884,884,30,0,0,0,0,0,0,0,0,0,0,0,0,0,1,0,0,0,0,0,0,0
885,885,20,0,0,0,0,0,0,0,0,0,0,0,0,0,0,0,0,0,0,1,0,0
886,886,14,0,0,0,0,0,0,0,0,0,0,0,0,0,0,0,0,0,0,1,0,0
887,887,41,0,0,0,0,0,0,0,0,0,0,0,0,0,0,0,0,0,1,0,0,0
888,888,24,0,0,0,0,0,0,0,0,0,0,0,0,0,0,0,0,0,0,0,1,0
889,889,32,0,0,0,0,0,0,0,0,0,0,0,0,0,0,0,0,0,0,1,0,0
890,890,51,1,0,0,0,0,0,0,0,0,0,0,0,0,0,0,0,0,0,0,0,0
891,891,36,0,0,0,0,0,0,0,0,0,0,0,0,0,1,0,0,0,0,0,0,0
892,892,25,0,0,0,0,0,0,0,0,0,0,0,0,0,0,0,0,0,0,1,0,0
893,893,47,0,0,0,1,0,0,0,0,0,0,0,0,0,0,0,0,0,0,0,0,0
894,894,31,0,0,0,0,0,0,0,0,0,0,1,0,0,0,0,0,0,0,0,0,0
895,895,28,0,0,0,0,0,0,0,0,0,0,0,0,0,0,0,0,0,0,0,0,1
896,896,30,0,0,0,0,0,0,0,0,0,0,0,0,0,1,0,0,0,0,0,0,0
897,897,23,0,0,0,0,0,0,0,0,1,0,0,0,0,0,0,0,0,0,0,0,0
898,898,32,0,0,0,0,0,0,0,0,0,0,0,0,0,1,0,0,0,0,0,0,0
899,899,60,0,0,0,0,0,0,0,0,0,0,0,0,0,0,0,1,0,0,0,0,0
900,900,38,0,0,0,0,0,0,1,0,0,0,0,0,0,0,0,0,0,0,0,0,0
901,901,45,0,1,0,0,0,0,0,0,0,0,0,0,0,0,0,0,0,0,0,0,0
902,902,28,0,0,0,1,0,0,0,0,0,0,0,0,0,0,0,0,0,0,0,0,0
903,903,17,0,0,0,0,0,0,0,0,0,0,0,0,0,0,0,0,0,0,1,0,0
904,904,27,0,0,0,0,0,0,0,0,0,0,0,0,0,1,0,0,0,0,0,0,0
905,905,45,0,0,0,0,0,0,0,0,0,0,1,0,0,0,0,0,0,0,0,0,0
906,906,25,0,0,0,0,0,0,0,0,0,0,0,0,0,1,0,0,0,0,0,0,0
907,907,44,0,0,0,0,0,0,0,0,0,0,1,0,0,0,0,0,0,0,0,0,0
908,908,50,0,0,0,1,0,0,0,0,0,0,0,0,0,0,0,0,0,0,0,0,0
909,909,28,0,0,0,0,0,0,0,1,0,0,0,0,0,0,0,0,0,0,0,0,0
910,910,37,0,0,0,0,0,0,0,0,0,0,0,0,0,0,0,0,0,0,0,0,1
911,911,51,0,0,0,0,0,0,0,0,0,0,0,0,0,1,0,0,0,0,0,0,0
912,912,27,0,0,0,0,0,0,0,0,0,0,0,0,0,0,0,0,0,0,1,0,0
913,913,44,0,0,0,0,0,0,0,0,0,0,0,0,0,1,0,0,0,0,0,0,0
914,914,50,0,0,0,0,0,1,0,0,0,0,0,0,0,0,0,0,0,0,0,0,0
915,915,27,0,0,0,0,1,0,0,0,0,0,0,0,0,0,0,0,0,0,0,0,0
916,916,22,0,0,0,0,0,0,0,0,0,0,0,0,0,0,0,0,0,0,1,0,0
917,917,40,0,0,0,0,0,0,0,0,0,0,0,0,0,0,0,0,0,1,0,0,0
918,918,25,0,0,0,0,0,0,0,0,0,0,0,0,0,1,0,0,0,0,0,0,0
919,919,30,0,1,0,0,0,0,0,0,0,0,0,0,0,0,0,0,0,0,0,0,0
920,920,20,0,0,0,0,0,0,0,0,0,0,0,0,0,0,0,0,0,0,1,0,0
921,921,29,1,0,0,0,0,0,0,0,0,0,0,0,0,0,0,0,0,0,0,0,0
922,922,21,0,0,0,0,0,0,0,0,0,0,0,0,0,0,0,0,0,0,1,0,0
923,923,29,0,0,0,0,0,0,0,0,0,0,0,0,0,1,0,0,0,0,0,0,0
924,924,18,0,0,0,0,0,0,0,0,0,0,0,0,0,0,0,0,1,0,0,0,0
925,925,49,0,0,0,0,0,1,0,0,0,0,0,0,0,0,0,0,0,0,0,0,0
926,926,23,0,0,0,0,0,0,0,0,0,0,0,0,0,0,1,0,0,0,0,0,0
927,927,21,0,0,0,0,0,0,0,0,0,0,0,0,0,0,0,0,0,0,1,0,0
928,928,44,0,0,0,0,0,0,0,0,0,0,0,0,0,0,0,0,0,1,0,0,0
929,929,28,0,0,0,0,0,0,0,0,0,0,0,0,0,0,0,0,0,1,0,0,0
930,930,60,0,0,0,1,0,0,0,0,0,0,0,0,0,0,0,0,0,0,0,0,0
931,931,58,0,0,0,1,0,0,0,0,0,0,0,0,0,0,0,0,0,0,0,0,0
932,932,28,0,0,0,0,0,0,0,0,0,0,0,0,0,0,0,0,0,0,1,0,0
933,933,61,0,0,0,0,1,0,0,0,0,0,0,0,0,0,0,0,0,0,0,0,0
934,934,42,0,0,1,0,0,0,0,0,0,0,0,0,0,0,0,0,0,0,0,0,0
935,935,24,0,0,0,0,0,0,0,0,0,0,0,0,0,1,0,0,0,0,0,0,0
936,936,48,0,0,0,1,0,0,0,0,0,0,0,0,0,0,0,0,0,0,0,0,0
937,937,38,0,0,0,0,0,0,0,0,0,0,0,0,0,0,0,0,0,0,0,1,0
938,938,26,0,0,0,0,0,0,0,0,0,0,0,0,0,0,0,0,0,0,1,0,0
939,939,32,1,0,0,0,0,0,0,0,0,0,0,0,0,0,0,0,0,0,0,0,0
940,940,20,0,0,0,0,0,0,0,0,0,0,0,0,0,0,0,0,0,0,1,0,0
941,941,48,0,0,0,0,0,0,0,0,0,0,1,0,0,0,0,0,0,0,0,0,0
942,942,22,0,0,0,0,0,0,0,0,0,0,0,0,0,0,0,0,0,0,1,0,0
